"Exam Name","Content","Option A","Option B","Option C","Option D","Answer","Explain"
"Lập Trình Java","Kết quả của phép toán xử lý dữ liệu loại đối tượng trong trường hợp số 1 là gì?","Ngoại lệ Runtime","Lỗi biên dịch","Kết quả 2","Kết quả 1","A","Đây là kiến thức cơ bản về xử lý đối tượng."
"Lập Trình Java","Kết quả của phép toán xử lý dữ liệu loại đối tượng trong trường hợp số 2 là gì?","Ngoại lệ Runtime","Lỗi biên dịch","Kết quả 3","Kết quả 2","A","Đây là kiến thức cơ bản về xử lý đối tượng."
"Lập Trình Java","Kết quả của phép toán xử lý dữ liệu loại đối tượng trong trường hợp số 3 là gì?","Kết quả 4","Ngoại lệ Runtime","Kết quả 3","Lỗi biên dịch","A","Đây là kiến thức cơ bản về xử lý đối tượng."
"Lập Trình Java","Kết quả của phép toán xử lý dữ liệu loại đối tượng trong trường hợp số 4 là gì?","Kết quả 4","Kết quả 5","Lỗi biên dịch","Ngoại lệ Runtime","A","Đây là kiến thức cơ bản về xử lý đối tượng."
"Lập Trình Java","Kết quả của phép toán xử lý dữ liệu loại mảng trong trường hợp số 5 là gì?","Ngoại lệ Runtime","Kết quả 5","Lỗi biên dịch","Kết quả 6","A","Đây là kiến thức cơ bản về xử lý mảng."
"Lập Trình Java","Kết quả của phép toán xử lý dữ liệu loại đối tượng trong trường hợp số 6 là gì?","Kết quả 6","Kết quả 7","Ngoại lệ Runtime","Lỗi biên dịch","A","Đây là kiến thức cơ bản về xử lý đối tượng."
"Lập Trình Java","Kết quả của phép toán xử lý dữ liệu loại đối tượng trong trường hợp số 7 là gì?","Lỗi biên dịch","Kết quả 8","Kết quả 7","Ngoại lệ Runtime","A","Đây là kiến thức cơ bản về xử lý đối tượng."
"Lập Trình Java","Kết quả của phép toán xử lý dữ liệu loại đối tượng trong trường hợp số 8 là gì?","Kết quả 8","Kết quả 9","Lỗi biên dịch","Ngoại lệ Runtime","A","Đây là kiến thức cơ bản về xử lý đối tượng."
"Lập Trình Java","Kết quả của phép toán xử lý dữ liệu loại đối tượng trong trường hợp số 9 là gì?","Ngoại lệ Runtime","Lỗi biên dịch","Kết quả 10","Kết quả 9","A","Đây là kiến thức cơ bản về xử lý đối tượng."
"Lập Trình Java","Kết quả của phép toán xử lý dữ liệu loại mảng trong trường hợp số 10 là gì?","Kết quả 10","Kết quả 11","Lỗi biên dịch","Ngoại lệ Runtime","A","Đây là kiến thức cơ bản về xử lý mảng."
"Lập Trình Java","Kết quả của phép toán xử lý dữ liệu loại đối tượng trong trường hợp số 11 là gì?","Kết quả 11","Lỗi biên dịch","Ngoại lệ Runtime","Kết quả 12","A","Đây là kiến thức cơ bản về xử lý đối tượng."
"Lập Trình Java","Kết quả của phép toán xử lý dữ liệu loại đối tượng trong trường hợp số 12 là gì?","Kết quả 12","Kết quả 13","Lỗi biên dịch","Ngoại lệ Runtime","A","Đây là kiến thức cơ bản về xử lý đối tượng."
"Lập Trình Java","Kết quả của phép toán xử lý dữ liệu loại đối tượng trong trường hợp số 13 là gì?","Kết quả 13","Kết quả 14","Ngoại lệ Runtime","Lỗi biên dịch","A","Đây là kiến thức cơ bản về xử lý đối tượng."
"Lập Trình Java","Kết quả của phép toán xử lý dữ liệu loại đối tượng trong trường hợp số 14 là gì?","Ngoại lệ Runtime","Lỗi biên dịch","Kết quả 15","Kết quả 14","A","Đây là kiến thức cơ bản về xử lý đối tượng."
"Lập Trình Java","Kết quả của phép toán xử lý dữ liệu loại mảng trong trường hợp số 15 là gì?","Kết quả 16","Kết quả 15","Ngoại lệ Runtime","Lỗi biên dịch","A","Đây là kiến thức cơ bản về xử lý mảng."
"Lập Trình Java","Kết quả của phép toán xử lý dữ liệu loại đối tượng trong trường hợp số 16 là gì?","Ngoại lệ Runtime","Lỗi biên dịch","Kết quả 17","Kết quả 16","A","Đây là kiến thức cơ bản về xử lý đối tượng."
"Lập Trình Java","Kết quả của phép toán xử lý dữ liệu loại đối tượng trong trường hợp số 17 là gì?","Ngoại lệ Runtime","Lỗi biên dịch","Kết quả 18","Kết quả 17","A","Đây là kiến thức cơ bản về xử lý đối tượng."
"Lập Trình Java","Kết quả của phép toán xử lý dữ liệu loại đối tượng trong trường hợp số 18 là gì?","Ngoại lệ Runtime","Kết quả 18","Kết quả 19","Lỗi biên dịch","A","Đây là kiến thức cơ bản về xử lý đối tượng."
"Lập Trình Java","Kết quả của phép toán xử lý dữ liệu loại đối tượng trong trường hợp số 19 là gì?","Kết quả 20","Kết quả 19","Ngoại lệ Runtime","Lỗi biên dịch","A","Đây là kiến thức cơ bản về xử lý đối tượng."
"Lập Trình Java","Kết quả của phép toán xử lý dữ liệu loại mảng trong trường hợp số 20 là gì?","Lỗi biên dịch","Kết quả 21","Kết quả 20","Ngoại lệ Runtime","A","Đây là kiến thức cơ bản về xử lý mảng."
"Lập Trình Java","Kết quả của phép toán xử lý dữ liệu loại đối tượng trong trường hợp số 21 là gì?","Kết quả 21","Ngoại lệ Runtime","Kết quả 22","Lỗi biên dịch","A","Đây là kiến thức cơ bản về xử lý đối tượng."
"Lập Trình Java","Kết quả của phép toán xử lý dữ liệu loại đối tượng trong trường hợp số 22 là gì?","Ngoại lệ Runtime","Lỗi biên dịch","Kết quả 23","Kết quả 22","A","Đây là kiến thức cơ bản về xử lý đối tượng."
"Lập Trình Java","Kết quả của phép toán xử lý dữ liệu loại đối tượng trong trường hợp số 23 là gì?","Lỗi biên dịch","Ngoại lệ Runtime","Kết quả 23","Kết quả 24","A","Đây là kiến thức cơ bản về xử lý đối tượng."
"Lập Trình Java","Kết quả của phép toán xử lý dữ liệu loại đối tượng trong trường hợp số 24 là gì?","Kết quả 24","Ngoại lệ Runtime","Kết quả 25","Lỗi biên dịch","A","Đây là kiến thức cơ bản về xử lý đối tượng."
"Lập Trình Java","Kết quả của phép toán xử lý dữ liệu loại mảng trong trường hợp số 25 là gì?","Kết quả 25","Kết quả 26","Lỗi biên dịch","Ngoại lệ Runtime","A","Đây là kiến thức cơ bản về xử lý mảng."
"Lập Trình Java","Kết quả của phép toán xử lý dữ liệu loại đối tượng trong trường hợp số 26 là gì?","Kết quả 27","Kết quả 26","Ngoại lệ Runtime","Lỗi biên dịch","A","Đây là kiến thức cơ bản về xử lý đối tượng."
"Lập Trình Java","Kết quả của phép toán xử lý dữ liệu loại đối tượng trong trường hợp số 27 là gì?","Lỗi biên dịch","Kết quả 28","Ngoại lệ Runtime","Kết quả 27","A","Đây là kiến thức cơ bản về xử lý đối tượng."
"Lập Trình Java","Kết quả của phép toán xử lý dữ liệu loại đối tượng trong trường hợp số 28 là gì?","Kết quả 28","Kết quả 29","Lỗi biên dịch","Ngoại lệ Runtime","A","Đây là kiến thức cơ bản về xử lý đối tượng."
"Lập Trình Java","Kết quả của phép toán xử lý dữ liệu loại đối tượng trong trường hợp số 29 là gì?","Kết quả 30","Kết quả 29","Ngoại lệ Runtime","Lỗi biên dịch","A","Đây là kiến thức cơ bản về xử lý đối tượng."
"Lập Trình Java","Kết quả của phép toán xử lý dữ liệu loại mảng trong trường hợp số 30 là gì?","Kết quả 30","Kết quả 31","Ngoại lệ Runtime","Lỗi biên dịch","A","Đây là kiến thức cơ bản về xử lý mảng."
"Lập Trình Java","Kết quả của phép toán xử lý dữ liệu loại đối tượng trong trường hợp số 31 là gì?","Ngoại lệ Runtime","Lỗi biên dịch","Kết quả 32","Kết quả 31","A","Đây là kiến thức cơ bản về xử lý đối tượng."
"Lập Trình Java","Kết quả của phép toán xử lý dữ liệu loại đối tượng trong trường hợp số 32 là gì?","Ngoại lệ Runtime","Kết quả 32","Kết quả 33","Lỗi biên dịch","A","Đây là kiến thức cơ bản về xử lý đối tượng."
"Lập Trình Java","Kết quả của phép toán xử lý dữ liệu loại đối tượng trong trường hợp số 33 là gì?","Ngoại lệ Runtime","Lỗi biên dịch","Kết quả 34","Kết quả 33","A","Đây là kiến thức cơ bản về xử lý đối tượng."
"Lập Trình Java","Kết quả của phép toán xử lý dữ liệu loại đối tượng trong trường hợp số 34 là gì?","Kết quả 35","Kết quả 34","Ngoại lệ Runtime","Lỗi biên dịch","A","Đây là kiến thức cơ bản về xử lý đối tượng."
"Lập Trình Java","Kết quả của phép toán xử lý dữ liệu loại mảng trong trường hợp số 35 là gì?","Kết quả 35","Kết quả 36","Lỗi biên dịch","Ngoại lệ Runtime","A","Đây là kiến thức cơ bản về xử lý mảng."
"Lập Trình Java","Kết quả của phép toán xử lý dữ liệu loại đối tượng trong trường hợp số 36 là gì?","Kết quả 37","Lỗi biên dịch","Ngoại lệ Runtime","Kết quả 36","A","Đây là kiến thức cơ bản về xử lý đối tượng."
"Lập Trình Java","Kết quả của phép toán xử lý dữ liệu loại đối tượng trong trường hợp số 37 là gì?","Ngoại lệ Runtime","Lỗi biên dịch","Kết quả 38","Kết quả 37","A","Đây là kiến thức cơ bản về xử lý đối tượng."
"Lập Trình Java","Kết quả của phép toán xử lý dữ liệu loại đối tượng trong trường hợp số 38 là gì?","Kết quả 39","Lỗi biên dịch","Kết quả 38","Ngoại lệ Runtime","A","Đây là kiến thức cơ bản về xử lý đối tượng."
"Lập Trình Java","Kết quả của phép toán xử lý dữ liệu loại đối tượng trong trường hợp số 39 là gì?","Ngoại lệ Runtime","Lỗi biên dịch","Kết quả 39","Kết quả 40","A","Đây là kiến thức cơ bản về xử lý đối tượng."
"Lập Trình Java","Kết quả của phép toán xử lý dữ liệu loại mảng trong trường hợp số 40 là gì?","Lỗi biên dịch","Ngoại lệ Runtime","Kết quả 41","Kết quả 40","A","Đây là kiến thức cơ bản về xử lý mảng."
"Lập Trình Java","Kết quả của phép toán xử lý dữ liệu loại đối tượng trong trường hợp số 41 là gì?","Kết quả 42","Ngoại lệ Runtime","Kết quả 41","Lỗi biên dịch","A","Đây là kiến thức cơ bản về xử lý đối tượng."
"Lập Trình Java","Kết quả của phép toán xử lý dữ liệu loại đối tượng trong trường hợp số 42 là gì?","Kết quả 42","Kết quả 43","Lỗi biên dịch","Ngoại lệ Runtime","A","Đây là kiến thức cơ bản về xử lý đối tượng."
"Lập Trình Java","Kết quả của phép toán xử lý dữ liệu loại đối tượng trong trường hợp số 43 là gì?","Lỗi biên dịch","Kết quả 44","Kết quả 43","Ngoại lệ Runtime","A","Đây là kiến thức cơ bản về xử lý đối tượng."
"Lập Trình Java","Kết quả của phép toán xử lý dữ liệu loại đối tượng trong trường hợp số 44 là gì?","Ngoại lệ Runtime","Lỗi biên dịch","Kết quả 45","Kết quả 44","A","Đây là kiến thức cơ bản về xử lý đối tượng."
"Lập Trình Java","Kết quả của phép toán xử lý dữ liệu loại mảng trong trường hợp số 45 là gì?","Kết quả 45","Ngoại lệ Runtime","Kết quả 46","Lỗi biên dịch","A","Đây là kiến thức cơ bản về xử lý mảng."
"Lập Trình Java","Kết quả của phép toán xử lý dữ liệu loại đối tượng trong trường hợp số 46 là gì?","Lỗi biên dịch","Kết quả 47","Ngoại lệ Runtime","Kết quả 46","A","Đây là kiến thức cơ bản về xử lý đối tượng."
"Lập Trình Java","Kết quả của phép toán xử lý dữ liệu loại đối tượng trong trường hợp số 47 là gì?","Ngoại lệ Runtime","Kết quả 48","Lỗi biên dịch","Kết quả 47","A","Đây là kiến thức cơ bản về xử lý đối tượng."
"Lập Trình Java","Kết quả của phép toán xử lý dữ liệu loại đối tượng trong trường hợp số 48 là gì?","Ngoại lệ Runtime","Lỗi biên dịch","Kết quả 49","Kết quả 48","A","Đây là kiến thức cơ bản về xử lý đối tượng."
"Lập Trình Java","Kết quả của phép toán xử lý dữ liệu loại đối tượng trong trường hợp số 49 là gì?","Kết quả 49","Ngoại lệ Runtime","Kết quả 50","Lỗi biên dịch","A","Đây là kiến thức cơ bản về xử lý đối tượng."
"Lập Trình Java","Kết quả của phép toán xử lý dữ liệu loại mảng trong trường hợp số 50 là gì?","Kết quả 51","Kết quả 50","Lỗi biên dịch","Ngoại lệ Runtime","A","Đây là kiến thức cơ bản về xử lý mảng."
"Lập Trình Java","Kết quả của phép toán xử lý dữ liệu loại đối tượng trong trường hợp số 51 là gì?","Kết quả 51","Kết quả 52","Lỗi biên dịch","Ngoại lệ Runtime","A","Đây là kiến thức cơ bản về xử lý đối tượng."
"Lập Trình Java","Kết quả của phép toán xử lý dữ liệu loại đối tượng trong trường hợp số 52 là gì?","Lỗi biên dịch","Kết quả 53","Kết quả 52","Ngoại lệ Runtime","A","Đây là kiến thức cơ bản về xử lý đối tượng."
"Lập Trình Java","Kết quả của phép toán xử lý dữ liệu loại đối tượng trong trường hợp số 53 là gì?","Ngoại lệ Runtime","Lỗi biên dịch","Kết quả 54","Kết quả 53","A","Đây là kiến thức cơ bản về xử lý đối tượng."
"Lập Trình Java","Kết quả của phép toán xử lý dữ liệu loại đối tượng trong trường hợp số 54 là gì?","Kết quả 54","Ngoại lệ Runtime","Kết quả 55","Lỗi biên dịch","A","Đây là kiến thức cơ bản về xử lý đối tượng."
"Lập Trình Java","Kết quả của phép toán xử lý dữ liệu loại mảng trong trường hợp số 55 là gì?","Kết quả 55","Kết quả 56","Lỗi biên dịch","Ngoại lệ Runtime","A","Đây là kiến thức cơ bản về xử lý mảng."
"Lập Trình Java","Kết quả của phép toán xử lý dữ liệu loại đối tượng trong trường hợp số 56 là gì?","Ngoại lệ Runtime","Kết quả 56","Kết quả 57","Lỗi biên dịch","A","Đây là kiến thức cơ bản về xử lý đối tượng."
"Lập Trình Java","Kết quả của phép toán xử lý dữ liệu loại đối tượng trong trường hợp số 57 là gì?","Kết quả 58","Kết quả 57","Lỗi biên dịch","Ngoại lệ Runtime","A","Đây là kiến thức cơ bản về xử lý đối tượng."
"Lập Trình Java","Kết quả của phép toán xử lý dữ liệu loại đối tượng trong trường hợp số 58 là gì?","Ngoại lệ Runtime","Kết quả 58","Kết quả 59","Lỗi biên dịch","A","Đây là kiến thức cơ bản về xử lý đối tượng."
"Lập Trình Java","Kết quả của phép toán xử lý dữ liệu loại đối tượng trong trường hợp số 59 là gì?","Lỗi biên dịch","Kết quả 59","Ngoại lệ Runtime","Kết quả 60","A","Đây là kiến thức cơ bản về xử lý đối tượng."
"Lập Trình Java","Kết quả của phép toán xử lý dữ liệu loại mảng trong trường hợp số 60 là gì?","Kết quả 60","Kết quả 61","Ngoại lệ Runtime","Lỗi biên dịch","A","Đây là kiến thức cơ bản về xử lý mảng."
"Lập Trình Java","Kết quả của phép toán xử lý dữ liệu loại đối tượng trong trường hợp số 61 là gì?","Kết quả 62","Lỗi biên dịch","Kết quả 61","Ngoại lệ Runtime","A","Đây là kiến thức cơ bản về xử lý đối tượng."
"Lập Trình Java","Kết quả của phép toán xử lý dữ liệu loại đối tượng trong trường hợp số 62 là gì?","Lỗi biên dịch","Kết quả 63","Kết quả 62","Ngoại lệ Runtime","A","Đây là kiến thức cơ bản về xử lý đối tượng."
"Lập Trình Java","Kết quả của phép toán xử lý dữ liệu loại đối tượng trong trường hợp số 63 là gì?","Lỗi biên dịch","Kết quả 64","Kết quả 63","Ngoại lệ Runtime","A","Đây là kiến thức cơ bản về xử lý đối tượng."
"Lập Trình Java","Kết quả của phép toán xử lý dữ liệu loại đối tượng trong trường hợp số 64 là gì?","Ngoại lệ Runtime","Kết quả 64","Lỗi biên dịch","Kết quả 65","A","Đây là kiến thức cơ bản về xử lý đối tượng."
"Lập Trình Java","Kết quả của phép toán xử lý dữ liệu loại mảng trong trường hợp số 65 là gì?","Kết quả 66","Kết quả 65","Lỗi biên dịch","Ngoại lệ Runtime","A","Đây là kiến thức cơ bản về xử lý mảng."
"Lập Trình Java","Kết quả của phép toán xử lý dữ liệu loại đối tượng trong trường hợp số 66 là gì?","Lỗi biên dịch","Kết quả 66","Ngoại lệ Runtime","Kết quả 67","A","Đây là kiến thức cơ bản về xử lý đối tượng."
"Lập Trình Java","Kết quả của phép toán xử lý dữ liệu loại đối tượng trong trường hợp số 67 là gì?","Kết quả 67","Kết quả 68","Lỗi biên dịch","Ngoại lệ Runtime","A","Đây là kiến thức cơ bản về xử lý đối tượng."
"Lập Trình Java","Kết quả của phép toán xử lý dữ liệu loại đối tượng trong trường hợp số 68 là gì?","Lỗi biên dịch","Kết quả 68","Kết quả 69","Ngoại lệ Runtime","A","Đây là kiến thức cơ bản về xử lý đối tượng."
"Lập Trình Java","Kết quả của phép toán xử lý dữ liệu loại đối tượng trong trường hợp số 69 là gì?","Kết quả 69","Lỗi biên dịch","Ngoại lệ Runtime","Kết quả 70","A","Đây là kiến thức cơ bản về xử lý đối tượng."
"Lập Trình Java","Kết quả của phép toán xử lý dữ liệu loại mảng trong trường hợp số 70 là gì?","Kết quả 71","Ngoại lệ Runtime","Kết quả 70","Lỗi biên dịch","A","Đây là kiến thức cơ bản về xử lý mảng."
"Lập Trình Java","Kết quả của phép toán xử lý dữ liệu loại đối tượng trong trường hợp số 71 là gì?","Kết quả 71","Kết quả 72","Lỗi biên dịch","Ngoại lệ Runtime","A","Đây là kiến thức cơ bản về xử lý đối tượng."
"Lập Trình Java","Kết quả của phép toán xử lý dữ liệu loại đối tượng trong trường hợp số 72 là gì?","Lỗi biên dịch","Kết quả 73","Ngoại lệ Runtime","Kết quả 72","A","Đây là kiến thức cơ bản về xử lý đối tượng."
"Lập Trình Java","Kết quả của phép toán xử lý dữ liệu loại đối tượng trong trường hợp số 73 là gì?","Kết quả 73","Kết quả 74","Lỗi biên dịch","Ngoại lệ Runtime","A","Đây là kiến thức cơ bản về xử lý đối tượng."
"Lập Trình Java","Kết quả của phép toán xử lý dữ liệu loại đối tượng trong trường hợp số 74 là gì?","Kết quả 74","Kết quả 75","Lỗi biên dịch","Ngoại lệ Runtime","A","Đây là kiến thức cơ bản về xử lý đối tượng."
"Lập Trình Java","Kết quả của phép toán xử lý dữ liệu loại mảng trong trường hợp số 75 là gì?","Lỗi biên dịch","Ngoại lệ Runtime","Kết quả 76","Kết quả 75","A","Đây là kiến thức cơ bản về xử lý mảng."
"Lập Trình Java","Kết quả của phép toán xử lý dữ liệu loại đối tượng trong trường hợp số 76 là gì?","Ngoại lệ Runtime","Kết quả 77","Lỗi biên dịch","Kết quả 76","A","Đây là kiến thức cơ bản về xử lý đối tượng."
"Lập Trình Java","Kết quả của phép toán xử lý dữ liệu loại đối tượng trong trường hợp số 77 là gì?","Ngoại lệ Runtime","Kết quả 77","Kết quả 78","Lỗi biên dịch","A","Đây là kiến thức cơ bản về xử lý đối tượng."
"Lập Trình Java","Kết quả của phép toán xử lý dữ liệu loại đối tượng trong trường hợp số 78 là gì?","Kết quả 79","Ngoại lệ Runtime","Kết quả 78","Lỗi biên dịch","A","Đây là kiến thức cơ bản về xử lý đối tượng."
"Lập Trình Java","Kết quả của phép toán xử lý dữ liệu loại đối tượng trong trường hợp số 79 là gì?","Kết quả 79","Kết quả 80","Lỗi biên dịch","Ngoại lệ Runtime","A","Đây là kiến thức cơ bản về xử lý đối tượng."
"Lập Trình Java","Kết quả của phép toán xử lý dữ liệu loại mảng trong trường hợp số 80 là gì?","Lỗi biên dịch","Kết quả 80","Kết quả 81","Ngoại lệ Runtime","A","Đây là kiến thức cơ bản về xử lý mảng."
"Lập Trình Java","Kết quả của phép toán xử lý dữ liệu loại đối tượng trong trường hợp số 81 là gì?","Kết quả 81","Kết quả 82","Lỗi biên dịch","Ngoại lệ Runtime","A","Đây là kiến thức cơ bản về xử lý đối tượng."
"Lập Trình Java","Kết quả của phép toán xử lý dữ liệu loại đối tượng trong trường hợp số 82 là gì?","Kết quả 83","Kết quả 82","Lỗi biên dịch","Ngoại lệ Runtime","A","Đây là kiến thức cơ bản về xử lý đối tượng."
"Lập Trình Java","Kết quả của phép toán xử lý dữ liệu loại đối tượng trong trường hợp số 83 là gì?","Lỗi biên dịch","Kết quả 84","Ngoại lệ Runtime","Kết quả 83","A","Đây là kiến thức cơ bản về xử lý đối tượng."
"Lập Trình Java","Kết quả của phép toán xử lý dữ liệu loại đối tượng trong trường hợp số 84 là gì?","Kết quả 84","Lỗi biên dịch","Kết quả 85","Ngoại lệ Runtime","A","Đây là kiến thức cơ bản về xử lý đối tượng."
"Lập Trình Java","Kết quả của phép toán xử lý dữ liệu loại mảng trong trường hợp số 85 là gì?","Ngoại lệ Runtime","Kết quả 85","Kết quả 86","Lỗi biên dịch","A","Đây là kiến thức cơ bản về xử lý mảng."
"Lập Trình Java","Kết quả của phép toán xử lý dữ liệu loại đối tượng trong trường hợp số 86 là gì?","Kết quả 87","Ngoại lệ Runtime","Kết quả 86","Lỗi biên dịch","A","Đây là kiến thức cơ bản về xử lý đối tượng."
"Lập Trình Java","Kết quả của phép toán xử lý dữ liệu loại đối tượng trong trường hợp số 87 là gì?","Lỗi biên dịch","Ngoại lệ Runtime","Kết quả 88","Kết quả 87","A","Đây là kiến thức cơ bản về xử lý đối tượng."
"Lập Trình Java","Kết quả của phép toán xử lý dữ liệu loại đối tượng trong trường hợp số 88 là gì?","Kết quả 88","Ngoại lệ Runtime","Lỗi biên dịch","Kết quả 89","A","Đây là kiến thức cơ bản về xử lý đối tượng."
"Lập Trình Java","Kết quả của phép toán xử lý dữ liệu loại đối tượng trong trường hợp số 89 là gì?","Kết quả 90","Kết quả 89","Ngoại lệ Runtime","Lỗi biên dịch","A","Đây là kiến thức cơ bản về xử lý đối tượng."
"Lập Trình Java","Kết quả của phép toán xử lý dữ liệu loại mảng trong trường hợp số 90 là gì?","Kết quả 90","Kết quả 91","Lỗi biên dịch","Ngoại lệ Runtime","A","Đây là kiến thức cơ bản về xử lý mảng."
"Lập Trình Java","Kết quả của phép toán xử lý dữ liệu loại đối tượng trong trường hợp số 91 là gì?","Kết quả 92","Kết quả 91","Ngoại lệ Runtime","Lỗi biên dịch","A","Đây là kiến thức cơ bản về xử lý đối tượng."
"Lập Trình Java","Kết quả của phép toán xử lý dữ liệu loại đối tượng trong trường hợp số 92 là gì?","Kết quả 92","Ngoại lệ Runtime","Kết quả 93","Lỗi biên dịch","A","Đây là kiến thức cơ bản về xử lý đối tượng."
"Lập Trình Java","Kết quả của phép toán xử lý dữ liệu loại đối tượng trong trường hợp số 93 là gì?","Kết quả 94","Kết quả 93","Lỗi biên dịch","Ngoại lệ Runtime","A","Đây là kiến thức cơ bản về xử lý đối tượng."
"Lập Trình Java","Kết quả của phép toán xử lý dữ liệu loại đối tượng trong trường hợp số 94 là gì?","Ngoại lệ Runtime","Lỗi biên dịch","Kết quả 95","Kết quả 94","A","Đây là kiến thức cơ bản về xử lý đối tượng."
"Lập Trình Java","Kết quả của phép toán xử lý dữ liệu loại mảng trong trường hợp số 95 là gì?","Kết quả 96","Kết quả 95","Lỗi biên dịch","Ngoại lệ Runtime","A","Đây là kiến thức cơ bản về xử lý mảng."
"Lập Trình Java","Kết quả của phép toán xử lý dữ liệu loại đối tượng trong trường hợp số 96 là gì?","Kết quả 97","Kết quả 96","Ngoại lệ Runtime","Lỗi biên dịch","A","Đây là kiến thức cơ bản về xử lý đối tượng."
"Lập Trình Java","Kết quả của phép toán xử lý dữ liệu loại đối tượng trong trường hợp số 97 là gì?","Ngoại lệ Runtime","Lỗi biên dịch","Kết quả 98","Kết quả 97","A","Đây là kiến thức cơ bản về xử lý đối tượng."
"Lập Trình Java","Kết quả của phép toán xử lý dữ liệu loại đối tượng trong trường hợp số 98 là gì?","Kết quả 98","Kết quả 99","Lỗi biên dịch","Ngoại lệ Runtime","A","Đây là kiến thức cơ bản về xử lý đối tượng."
"Lập Trình Java","Kết quả của phép toán xử lý dữ liệu loại đối tượng trong trường hợp số 99 là gì?","Lỗi biên dịch","Ngoại lệ Runtime","Kết quả 99","Kết quả 100","A","Đây là kiến thức cơ bản về xử lý đối tượng."
"Lập Trình Java","Kết quả của phép toán xử lý dữ liệu loại mảng trong trường hợp số 100 là gì?","Kết quả 100","Ngoại lệ Runtime","Kết quả 101","Lỗi biên dịch","A","Đây là kiến thức cơ bản về xử lý mảng."
"Cơ Sở Dữ Liệu","Trong mô hình quan hệ, nếu ta thực hiện chuẩn hóa dạng 2NF cho bảng có 6 cột thì điều gì xảy ra?","Giảm dư thừa loại 1","Tăng tốc độ đọc","Không thay đổi","Gây lỗi khóa chính","A","Việc chuẩn hóa giúp tối ưu cấu trúc dữ liệu ở mức độ 2."
"Cơ Sở Dữ Liệu","Trong mô hình quan hệ, nếu ta thực hiện chuẩn hóa dạng 3NF cho bảng có 7 cột thì điều gì xảy ra?","Giảm dư thừa loại 2","Tăng tốc độ đọc","Gây lỗi khóa chính","Không thay đổi","A","Việc chuẩn hóa giúp tối ưu cấu trúc dữ liệu ở mức độ 3."
"Cơ Sở Dữ Liệu","Trong mô hình quan hệ, nếu ta thực hiện chuẩn hóa dạng 1NF cho bảng có 8 cột thì điều gì xảy ra?","Không thay đổi","Tăng tốc độ đọc","Giảm dư thừa loại 3","Gây lỗi khóa chính","A","Việc chuẩn hóa giúp tối ưu cấu trúc dữ liệu ở mức độ 1."
"Cơ Sở Dữ Liệu","Trong mô hình quan hệ, nếu ta thực hiện chuẩn hóa dạng 2NF cho bảng có 9 cột thì điều gì xảy ra?","Gây lỗi khóa chính","Không thay đổi","Tăng tốc độ đọc","Giảm dư thừa loại 4","A","Việc chuẩn hóa giúp tối ưu cấu trúc dữ liệu ở mức độ 2."
"Cơ Sở Dữ Liệu","Trong mô hình quan hệ, nếu ta thực hiện chuẩn hóa dạng 3NF cho bảng có 10 cột thì điều gì xảy ra?","Gây lỗi khóa chính","Tăng tốc độ đọc","Không thay đổi","Giảm dư thừa loại 5","A","Việc chuẩn hóa giúp tối ưu cấu trúc dữ liệu ở mức độ 3."
"Cơ Sở Dữ Liệu","Trong mô hình quan hệ, nếu ta thực hiện chuẩn hóa dạng 1NF cho bảng có 11 cột thì điều gì xảy ra?","Không thay đổi","Tăng tốc độ đọc","Giảm dư thừa loại 6","Gây lỗi khóa chính","A","Việc chuẩn hóa giúp tối ưu cấu trúc dữ liệu ở mức độ 1."
"Cơ Sở Dữ Liệu","Trong mô hình quan hệ, nếu ta thực hiện chuẩn hóa dạng 2NF cho bảng có 12 cột thì điều gì xảy ra?","Giảm dư thừa loại 7","Tăng tốc độ đọc","Không thay đổi","Gây lỗi khóa chính","A","Việc chuẩn hóa giúp tối ưu cấu trúc dữ liệu ở mức độ 2."
"Cơ Sở Dữ Liệu","Trong mô hình quan hệ, nếu ta thực hiện chuẩn hóa dạng 3NF cho bảng có 13 cột thì điều gì xảy ra?","Gây lỗi khóa chính","Giảm dư thừa loại 8","Tăng tốc độ đọc","Không thay đổi","A","Việc chuẩn hóa giúp tối ưu cấu trúc dữ liệu ở mức độ 3."
"Cơ Sở Dữ Liệu","Trong mô hình quan hệ, nếu ta thực hiện chuẩn hóa dạng 1NF cho bảng có 14 cột thì điều gì xảy ra?","Giảm dư thừa loại 9","Tăng tốc độ đọc","Gây lỗi khóa chính","Không thay đổi","A","Việc chuẩn hóa giúp tối ưu cấu trúc dữ liệu ở mức độ 1."
"Cơ Sở Dữ Liệu","Trong mô hình quan hệ, nếu ta thực hiện chuẩn hóa dạng 2NF cho bảng có 15 cột thì điều gì xảy ra?","Gây lỗi khóa chính","Không thay đổi","Tăng tốc độ đọc","Giảm dư thừa loại 10","A","Việc chuẩn hóa giúp tối ưu cấu trúc dữ liệu ở mức độ 2."
"Cơ Sở Dữ Liệu","Trong mô hình quan hệ, nếu ta thực hiện chuẩn hóa dạng 3NF cho bảng có 16 cột thì điều gì xảy ra?","Giảm dư thừa loại 11","Gây lỗi khóa chính","Tăng tốc độ đọc","Không thay đổi","A","Việc chuẩn hóa giúp tối ưu cấu trúc dữ liệu ở mức độ 3."
"Cơ Sở Dữ Liệu","Trong mô hình quan hệ, nếu ta thực hiện chuẩn hóa dạng 1NF cho bảng có 17 cột thì điều gì xảy ra?","Tăng tốc độ đọc","Không thay đổi","Gây lỗi khóa chính","Giảm dư thừa loại 12","A","Việc chuẩn hóa giúp tối ưu cấu trúc dữ liệu ở mức độ 1."
"Cơ Sở Dữ Liệu","Trong mô hình quan hệ, nếu ta thực hiện chuẩn hóa dạng 2NF cho bảng có 18 cột thì điều gì xảy ra?","Giảm dư thừa loại 13","Tăng tốc độ đọc","Không thay đổi","Gây lỗi khóa chính","A","Việc chuẩn hóa giúp tối ưu cấu trúc dữ liệu ở mức độ 2."
"Cơ Sở Dữ Liệu","Trong mô hình quan hệ, nếu ta thực hiện chuẩn hóa dạng 3NF cho bảng có 19 cột thì điều gì xảy ra?","Không thay đổi","Tăng tốc độ đọc","Gây lỗi khóa chính","Giảm dư thừa loại 14","A","Việc chuẩn hóa giúp tối ưu cấu trúc dữ liệu ở mức độ 3."
"Cơ Sở Dữ Liệu","Trong mô hình quan hệ, nếu ta thực hiện chuẩn hóa dạng 1NF cho bảng có 20 cột thì điều gì xảy ra?","Gây lỗi khóa chính","Giảm dư thừa loại 15","Tăng tốc độ đọc","Không thay đổi","A","Việc chuẩn hóa giúp tối ưu cấu trúc dữ liệu ở mức độ 1."
"Cơ Sở Dữ Liệu","Trong mô hình quan hệ, nếu ta thực hiện chuẩn hóa dạng 2NF cho bảng có 21 cột thì điều gì xảy ra?","Giảm dư thừa loại 16","Gây lỗi khóa chính","Tăng tốc độ đọc","Không thay đổi","A","Việc chuẩn hóa giúp tối ưu cấu trúc dữ liệu ở mức độ 2."
"Cơ Sở Dữ Liệu","Trong mô hình quan hệ, nếu ta thực hiện chuẩn hóa dạng 3NF cho bảng có 22 cột thì điều gì xảy ra?","Tăng tốc độ đọc","Giảm dư thừa loại 17","Gây lỗi khóa chính","Không thay đổi","A","Việc chuẩn hóa giúp tối ưu cấu trúc dữ liệu ở mức độ 3."
"Cơ Sở Dữ Liệu","Trong mô hình quan hệ, nếu ta thực hiện chuẩn hóa dạng 1NF cho bảng có 23 cột thì điều gì xảy ra?","Không thay đổi","Tăng tốc độ đọc","Giảm dư thừa loại 18","Gây lỗi khóa chính","A","Việc chuẩn hóa giúp tối ưu cấu trúc dữ liệu ở mức độ 1."
"Cơ Sở Dữ Liệu","Trong mô hình quan hệ, nếu ta thực hiện chuẩn hóa dạng 2NF cho bảng có 24 cột thì điều gì xảy ra?","Tăng tốc độ đọc","Giảm dư thừa loại 19","Gây lỗi khóa chính","Không thay đổi","A","Việc chuẩn hóa giúp tối ưu cấu trúc dữ liệu ở mức độ 2."
"Cơ Sở Dữ Liệu","Trong mô hình quan hệ, nếu ta thực hiện chuẩn hóa dạng 3NF cho bảng có 25 cột thì điều gì xảy ra?","Không thay đổi","Tăng tốc độ đọc","Giảm dư thừa loại 20","Gây lỗi khóa chính","A","Việc chuẩn hóa giúp tối ưu cấu trúc dữ liệu ở mức độ 3."
"Cơ Sở Dữ Liệu","Trong mô hình quan hệ, nếu ta thực hiện chuẩn hóa dạng 1NF cho bảng có 26 cột thì điều gì xảy ra?","Giảm dư thừa loại 21","Gây lỗi khóa chính","Tăng tốc độ đọc","Không thay đổi","A","Việc chuẩn hóa giúp tối ưu cấu trúc dữ liệu ở mức độ 1."
"Cơ Sở Dữ Liệu","Trong mô hình quan hệ, nếu ta thực hiện chuẩn hóa dạng 2NF cho bảng có 27 cột thì điều gì xảy ra?","Tăng tốc độ đọc","Gây lỗi khóa chính","Giảm dư thừa loại 22","Không thay đổi","A","Việc chuẩn hóa giúp tối ưu cấu trúc dữ liệu ở mức độ 2."
"Cơ Sở Dữ Liệu","Trong mô hình quan hệ, nếu ta thực hiện chuẩn hóa dạng 3NF cho bảng có 28 cột thì điều gì xảy ra?","Tăng tốc độ đọc","Giảm dư thừa loại 23","Gây lỗi khóa chính","Không thay đổi","A","Việc chuẩn hóa giúp tối ưu cấu trúc dữ liệu ở mức độ 3."
"Cơ Sở Dữ Liệu","Trong mô hình quan hệ, nếu ta thực hiện chuẩn hóa dạng 1NF cho bảng có 29 cột thì điều gì xảy ra?","Không thay đổi","Tăng tốc độ đọc","Giảm dư thừa loại 24","Gây lỗi khóa chính","A","Việc chuẩn hóa giúp tối ưu cấu trúc dữ liệu ở mức độ 1."
"Cơ Sở Dữ Liệu","Trong mô hình quan hệ, nếu ta thực hiện chuẩn hóa dạng 2NF cho bảng có 30 cột thì điều gì xảy ra?","Giảm dư thừa loại 25","Tăng tốc độ đọc","Không thay đổi","Gây lỗi khóa chính","A","Việc chuẩn hóa giúp tối ưu cấu trúc dữ liệu ở mức độ 2."
"Cơ Sở Dữ Liệu","Trong mô hình quan hệ, nếu ta thực hiện chuẩn hóa dạng 3NF cho bảng có 31 cột thì điều gì xảy ra?","Giảm dư thừa loại 26","Tăng tốc độ đọc","Không thay đổi","Gây lỗi khóa chính","A","Việc chuẩn hóa giúp tối ưu cấu trúc dữ liệu ở mức độ 3."
"Cơ Sở Dữ Liệu","Trong mô hình quan hệ, nếu ta thực hiện chuẩn hóa dạng 1NF cho bảng có 32 cột thì điều gì xảy ra?","Gây lỗi khóa chính","Giảm dư thừa loại 27","Tăng tốc độ đọc","Không thay đổi","A","Việc chuẩn hóa giúp tối ưu cấu trúc dữ liệu ở mức độ 1."
"Cơ Sở Dữ Liệu","Trong mô hình quan hệ, nếu ta thực hiện chuẩn hóa dạng 2NF cho bảng có 33 cột thì điều gì xảy ra?","Không thay đổi","Tăng tốc độ đọc","Gây lỗi khóa chính","Giảm dư thừa loại 28","A","Việc chuẩn hóa giúp tối ưu cấu trúc dữ liệu ở mức độ 2."
"Cơ Sở Dữ Liệu","Trong mô hình quan hệ, nếu ta thực hiện chuẩn hóa dạng 3NF cho bảng có 34 cột thì điều gì xảy ra?","Gây lỗi khóa chính","Không thay đổi","Tăng tốc độ đọc","Giảm dư thừa loại 29","A","Việc chuẩn hóa giúp tối ưu cấu trúc dữ liệu ở mức độ 3."
"Cơ Sở Dữ Liệu","Trong mô hình quan hệ, nếu ta thực hiện chuẩn hóa dạng 1NF cho bảng có 35 cột thì điều gì xảy ra?","Giảm dư thừa loại 30","Tăng tốc độ đọc","Gây lỗi khóa chính","Không thay đổi","A","Việc chuẩn hóa giúp tối ưu cấu trúc dữ liệu ở mức độ 1."
"Cơ Sở Dữ Liệu","Trong mô hình quan hệ, nếu ta thực hiện chuẩn hóa dạng 2NF cho bảng có 36 cột thì điều gì xảy ra?","Tăng tốc độ đọc","Giảm dư thừa loại 31","Không thay đổi","Gây lỗi khóa chính","A","Việc chuẩn hóa giúp tối ưu cấu trúc dữ liệu ở mức độ 2."
"Cơ Sở Dữ Liệu","Trong mô hình quan hệ, nếu ta thực hiện chuẩn hóa dạng 3NF cho bảng có 37 cột thì điều gì xảy ra?","Giảm dư thừa loại 32","Tăng tốc độ đọc","Không thay đổi","Gây lỗi khóa chính","A","Việc chuẩn hóa giúp tối ưu cấu trúc dữ liệu ở mức độ 3."
"Cơ Sở Dữ Liệu","Trong mô hình quan hệ, nếu ta thực hiện chuẩn hóa dạng 1NF cho bảng có 38 cột thì điều gì xảy ra?","Gây lỗi khóa chính","Không thay đổi","Tăng tốc độ đọc","Giảm dư thừa loại 33","A","Việc chuẩn hóa giúp tối ưu cấu trúc dữ liệu ở mức độ 1."
"Cơ Sở Dữ Liệu","Trong mô hình quan hệ, nếu ta thực hiện chuẩn hóa dạng 2NF cho bảng có 39 cột thì điều gì xảy ra?","Giảm dư thừa loại 34","Tăng tốc độ đọc","Không thay đổi","Gây lỗi khóa chính","A","Việc chuẩn hóa giúp tối ưu cấu trúc dữ liệu ở mức độ 2."
"Cơ Sở Dữ Liệu","Trong mô hình quan hệ, nếu ta thực hiện chuẩn hóa dạng 3NF cho bảng có 40 cột thì điều gì xảy ra?","Giảm dư thừa loại 35","Tăng tốc độ đọc","Gây lỗi khóa chính","Không thay đổi","A","Việc chuẩn hóa giúp tối ưu cấu trúc dữ liệu ở mức độ 3."
"Cơ Sở Dữ Liệu","Trong mô hình quan hệ, nếu ta thực hiện chuẩn hóa dạng 1NF cho bảng có 41 cột thì điều gì xảy ra?","Gây lỗi khóa chính","Không thay đổi","Tăng tốc độ đọc","Giảm dư thừa loại 36","A","Việc chuẩn hóa giúp tối ưu cấu trúc dữ liệu ở mức độ 1."
"Cơ Sở Dữ Liệu","Trong mô hình quan hệ, nếu ta thực hiện chuẩn hóa dạng 2NF cho bảng có 42 cột thì điều gì xảy ra?","Gây lỗi khóa chính","Tăng tốc độ đọc","Giảm dư thừa loại 37","Không thay đổi","A","Việc chuẩn hóa giúp tối ưu cấu trúc dữ liệu ở mức độ 2."
"Cơ Sở Dữ Liệu","Trong mô hình quan hệ, nếu ta thực hiện chuẩn hóa dạng 3NF cho bảng có 43 cột thì điều gì xảy ra?","Gây lỗi khóa chính","Giảm dư thừa loại 38","Tăng tốc độ đọc","Không thay đổi","A","Việc chuẩn hóa giúp tối ưu cấu trúc dữ liệu ở mức độ 3."
"Cơ Sở Dữ Liệu","Trong mô hình quan hệ, nếu ta thực hiện chuẩn hóa dạng 1NF cho bảng có 44 cột thì điều gì xảy ra?","Gây lỗi khóa chính","Không thay đổi","Tăng tốc độ đọc","Giảm dư thừa loại 39","A","Việc chuẩn hóa giúp tối ưu cấu trúc dữ liệu ở mức độ 1."
"Cơ Sở Dữ Liệu","Trong mô hình quan hệ, nếu ta thực hiện chuẩn hóa dạng 2NF cho bảng có 45 cột thì điều gì xảy ra?","Giảm dư thừa loại 40","Tăng tốc độ đọc","Không thay đổi","Gây lỗi khóa chính","A","Việc chuẩn hóa giúp tối ưu cấu trúc dữ liệu ở mức độ 2."
"Cơ Sở Dữ Liệu","Trong mô hình quan hệ, nếu ta thực hiện chuẩn hóa dạng 3NF cho bảng có 46 cột thì điều gì xảy ra?","Gây lỗi khóa chính","Không thay đổi","Tăng tốc độ đọc","Giảm dư thừa loại 41","A","Việc chuẩn hóa giúp tối ưu cấu trúc dữ liệu ở mức độ 3."
"Cơ Sở Dữ Liệu","Trong mô hình quan hệ, nếu ta thực hiện chuẩn hóa dạng 1NF cho bảng có 47 cột thì điều gì xảy ra?","Gây lỗi khóa chính","Giảm dư thừa loại 42","Tăng tốc độ đọc","Không thay đổi","A","Việc chuẩn hóa giúp tối ưu cấu trúc dữ liệu ở mức độ 1."
"Cơ Sở Dữ Liệu","Trong mô hình quan hệ, nếu ta thực hiện chuẩn hóa dạng 2NF cho bảng có 48 cột thì điều gì xảy ra?","Không thay đổi","Tăng tốc độ đọc","Giảm dư thừa loại 43","Gây lỗi khóa chính","A","Việc chuẩn hóa giúp tối ưu cấu trúc dữ liệu ở mức độ 2."
"Cơ Sở Dữ Liệu","Trong mô hình quan hệ, nếu ta thực hiện chuẩn hóa dạng 3NF cho bảng có 49 cột thì điều gì xảy ra?","Gây lỗi khóa chính","Giảm dư thừa loại 44","Tăng tốc độ đọc","Không thay đổi","A","Việc chuẩn hóa giúp tối ưu cấu trúc dữ liệu ở mức độ 3."
"Cơ Sở Dữ Liệu","Trong mô hình quan hệ, nếu ta thực hiện chuẩn hóa dạng 1NF cho bảng có 50 cột thì điều gì xảy ra?","Không thay đổi","Gây lỗi khóa chính","Tăng tốc độ đọc","Giảm dư thừa loại 45","A","Việc chuẩn hóa giúp tối ưu cấu trúc dữ liệu ở mức độ 1."
"Cơ Sở Dữ Liệu","Trong mô hình quan hệ, nếu ta thực hiện chuẩn hóa dạng 2NF cho bảng có 51 cột thì điều gì xảy ra?","Gây lỗi khóa chính","Giảm dư thừa loại 46","Tăng tốc độ đọc","Không thay đổi","A","Việc chuẩn hóa giúp tối ưu cấu trúc dữ liệu ở mức độ 2."
"Cơ Sở Dữ Liệu","Trong mô hình quan hệ, nếu ta thực hiện chuẩn hóa dạng 3NF cho bảng có 52 cột thì điều gì xảy ra?","Gây lỗi khóa chính","Tăng tốc độ đọc","Giảm dư thừa loại 47","Không thay đổi","A","Việc chuẩn hóa giúp tối ưu cấu trúc dữ liệu ở mức độ 3."
"Cơ Sở Dữ Liệu","Trong mô hình quan hệ, nếu ta thực hiện chuẩn hóa dạng 1NF cho bảng có 53 cột thì điều gì xảy ra?","Giảm dư thừa loại 48","Không thay đổi","Gây lỗi khóa chính","Tăng tốc độ đọc","A","Việc chuẩn hóa giúp tối ưu cấu trúc dữ liệu ở mức độ 1."
"Cơ Sở Dữ Liệu","Trong mô hình quan hệ, nếu ta thực hiện chuẩn hóa dạng 2NF cho bảng có 54 cột thì điều gì xảy ra?","Tăng tốc độ đọc","Giảm dư thừa loại 49","Gây lỗi khóa chính","Không thay đổi","A","Việc chuẩn hóa giúp tối ưu cấu trúc dữ liệu ở mức độ 2."
"Cơ Sở Dữ Liệu","Trong mô hình quan hệ, nếu ta thực hiện chuẩn hóa dạng 3NF cho bảng có 55 cột thì điều gì xảy ra?","Giảm dư thừa loại 50","Gây lỗi khóa chính","Tăng tốc độ đọc","Không thay đổi","A","Việc chuẩn hóa giúp tối ưu cấu trúc dữ liệu ở mức độ 3."
"Cơ Sở Dữ Liệu","Trong mô hình quan hệ, nếu ta thực hiện chuẩn hóa dạng 1NF cho bảng có 56 cột thì điều gì xảy ra?","Gây lỗi khóa chính","Không thay đổi","Tăng tốc độ đọc","Giảm dư thừa loại 51","A","Việc chuẩn hóa giúp tối ưu cấu trúc dữ liệu ở mức độ 1."
"Cơ Sở Dữ Liệu","Trong mô hình quan hệ, nếu ta thực hiện chuẩn hóa dạng 2NF cho bảng có 57 cột thì điều gì xảy ra?","Không thay đổi","Tăng tốc độ đọc","Giảm dư thừa loại 52","Gây lỗi khóa chính","A","Việc chuẩn hóa giúp tối ưu cấu trúc dữ liệu ở mức độ 2."
"Cơ Sở Dữ Liệu","Trong mô hình quan hệ, nếu ta thực hiện chuẩn hóa dạng 3NF cho bảng có 58 cột thì điều gì xảy ra?","Giảm dư thừa loại 53","Tăng tốc độ đọc","Không thay đổi","Gây lỗi khóa chính","A","Việc chuẩn hóa giúp tối ưu cấu trúc dữ liệu ở mức độ 3."
"Cơ Sở Dữ Liệu","Trong mô hình quan hệ, nếu ta thực hiện chuẩn hóa dạng 1NF cho bảng có 59 cột thì điều gì xảy ra?","Giảm dư thừa loại 54","Gây lỗi khóa chính","Tăng tốc độ đọc","Không thay đổi","A","Việc chuẩn hóa giúp tối ưu cấu trúc dữ liệu ở mức độ 1."
"Cơ Sở Dữ Liệu","Trong mô hình quan hệ, nếu ta thực hiện chuẩn hóa dạng 2NF cho bảng có 60 cột thì điều gì xảy ra?","Tăng tốc độ đọc","Giảm dư thừa loại 55","Không thay đổi","Gây lỗi khóa chính","A","Việc chuẩn hóa giúp tối ưu cấu trúc dữ liệu ở mức độ 2."
"Cơ Sở Dữ Liệu","Trong mô hình quan hệ, nếu ta thực hiện chuẩn hóa dạng 3NF cho bảng có 61 cột thì điều gì xảy ra?","Tăng tốc độ đọc","Gây lỗi khóa chính","Không thay đổi","Giảm dư thừa loại 56","A","Việc chuẩn hóa giúp tối ưu cấu trúc dữ liệu ở mức độ 3."
"Cơ Sở Dữ Liệu","Trong mô hình quan hệ, nếu ta thực hiện chuẩn hóa dạng 1NF cho bảng có 62 cột thì điều gì xảy ra?","Gây lỗi khóa chính","Không thay đổi","Tăng tốc độ đọc","Giảm dư thừa loại 57","A","Việc chuẩn hóa giúp tối ưu cấu trúc dữ liệu ở mức độ 1."
"Cơ Sở Dữ Liệu","Trong mô hình quan hệ, nếu ta thực hiện chuẩn hóa dạng 2NF cho bảng có 63 cột thì điều gì xảy ra?","Giảm dư thừa loại 58","Không thay đổi","Gây lỗi khóa chính","Tăng tốc độ đọc","A","Việc chuẩn hóa giúp tối ưu cấu trúc dữ liệu ở mức độ 2."
"Cơ Sở Dữ Liệu","Trong mô hình quan hệ, nếu ta thực hiện chuẩn hóa dạng 3NF cho bảng có 64 cột thì điều gì xảy ra?","Tăng tốc độ đọc","Không thay đổi","Giảm dư thừa loại 59","Gây lỗi khóa chính","A","Việc chuẩn hóa giúp tối ưu cấu trúc dữ liệu ở mức độ 3."
"Cơ Sở Dữ Liệu","Trong mô hình quan hệ, nếu ta thực hiện chuẩn hóa dạng 1NF cho bảng có 65 cột thì điều gì xảy ra?","Không thay đổi","Tăng tốc độ đọc","Giảm dư thừa loại 60","Gây lỗi khóa chính","A","Việc chuẩn hóa giúp tối ưu cấu trúc dữ liệu ở mức độ 1."
"Cơ Sở Dữ Liệu","Trong mô hình quan hệ, nếu ta thực hiện chuẩn hóa dạng 2NF cho bảng có 66 cột thì điều gì xảy ra?","Giảm dư thừa loại 61","Tăng tốc độ đọc","Không thay đổi","Gây lỗi khóa chính","A","Việc chuẩn hóa giúp tối ưu cấu trúc dữ liệu ở mức độ 2."
"Cơ Sở Dữ Liệu","Trong mô hình quan hệ, nếu ta thực hiện chuẩn hóa dạng 3NF cho bảng có 67 cột thì điều gì xảy ra?","Tăng tốc độ đọc","Giảm dư thừa loại 62","Không thay đổi","Gây lỗi khóa chính","A","Việc chuẩn hóa giúp tối ưu cấu trúc dữ liệu ở mức độ 3."
"Cơ Sở Dữ Liệu","Trong mô hình quan hệ, nếu ta thực hiện chuẩn hóa dạng 1NF cho bảng có 68 cột thì điều gì xảy ra?","Không thay đổi","Gây lỗi khóa chính","Tăng tốc độ đọc","Giảm dư thừa loại 63","A","Việc chuẩn hóa giúp tối ưu cấu trúc dữ liệu ở mức độ 1."
"Cơ Sở Dữ Liệu","Trong mô hình quan hệ, nếu ta thực hiện chuẩn hóa dạng 2NF cho bảng có 69 cột thì điều gì xảy ra?","Không thay đổi","Tăng tốc độ đọc","Gây lỗi khóa chính","Giảm dư thừa loại 64","A","Việc chuẩn hóa giúp tối ưu cấu trúc dữ liệu ở mức độ 2."
"Cơ Sở Dữ Liệu","Trong mô hình quan hệ, nếu ta thực hiện chuẩn hóa dạng 3NF cho bảng có 70 cột thì điều gì xảy ra?","Không thay đổi","Tăng tốc độ đọc","Giảm dư thừa loại 65","Gây lỗi khóa chính","A","Việc chuẩn hóa giúp tối ưu cấu trúc dữ liệu ở mức độ 3."
"Cơ Sở Dữ Liệu","Trong mô hình quan hệ, nếu ta thực hiện chuẩn hóa dạng 1NF cho bảng có 71 cột thì điều gì xảy ra?","Gây lỗi khóa chính","Không thay đổi","Tăng tốc độ đọc","Giảm dư thừa loại 66","A","Việc chuẩn hóa giúp tối ưu cấu trúc dữ liệu ở mức độ 1."
"Cơ Sở Dữ Liệu","Trong mô hình quan hệ, nếu ta thực hiện chuẩn hóa dạng 2NF cho bảng có 72 cột thì điều gì xảy ra?","Gây lỗi khóa chính","Tăng tốc độ đọc","Giảm dư thừa loại 67","Không thay đổi","A","Việc chuẩn hóa giúp tối ưu cấu trúc dữ liệu ở mức độ 2."
"Cơ Sở Dữ Liệu","Trong mô hình quan hệ, nếu ta thực hiện chuẩn hóa dạng 3NF cho bảng có 73 cột thì điều gì xảy ra?","Giảm dư thừa loại 68","Tăng tốc độ đọc","Không thay đổi","Gây lỗi khóa chính","A","Việc chuẩn hóa giúp tối ưu cấu trúc dữ liệu ở mức độ 3."
"Cơ Sở Dữ Liệu","Trong mô hình quan hệ, nếu ta thực hiện chuẩn hóa dạng 1NF cho bảng có 74 cột thì điều gì xảy ra?","Gây lỗi khóa chính","Không thay đổi","Tăng tốc độ đọc","Giảm dư thừa loại 69","A","Việc chuẩn hóa giúp tối ưu cấu trúc dữ liệu ở mức độ 1."
"Cơ Sở Dữ Liệu","Trong mô hình quan hệ, nếu ta thực hiện chuẩn hóa dạng 2NF cho bảng có 75 cột thì điều gì xảy ra?","Gây lỗi khóa chính","Không thay đổi","Tăng tốc độ đọc","Giảm dư thừa loại 70","A","Việc chuẩn hóa giúp tối ưu cấu trúc dữ liệu ở mức độ 2."
"Cơ Sở Dữ Liệu","Trong mô hình quan hệ, nếu ta thực hiện chuẩn hóa dạng 3NF cho bảng có 76 cột thì điều gì xảy ra?","Giảm dư thừa loại 71","Tăng tốc độ đọc","Không thay đổi","Gây lỗi khóa chính","A","Việc chuẩn hóa giúp tối ưu cấu trúc dữ liệu ở mức độ 3."
"Cơ Sở Dữ Liệu","Trong mô hình quan hệ, nếu ta thực hiện chuẩn hóa dạng 1NF cho bảng có 77 cột thì điều gì xảy ra?","Giảm dư thừa loại 72","Tăng tốc độ đọc","Không thay đổi","Gây lỗi khóa chính","A","Việc chuẩn hóa giúp tối ưu cấu trúc dữ liệu ở mức độ 1."
"Cơ Sở Dữ Liệu","Trong mô hình quan hệ, nếu ta thực hiện chuẩn hóa dạng 2NF cho bảng có 78 cột thì điều gì xảy ra?","Giảm dư thừa loại 73","Tăng tốc độ đọc","Không thay đổi","Gây lỗi khóa chính","A","Việc chuẩn hóa giúp tối ưu cấu trúc dữ liệu ở mức độ 2."
"Cơ Sở Dữ Liệu","Trong mô hình quan hệ, nếu ta thực hiện chuẩn hóa dạng 3NF cho bảng có 79 cột thì điều gì xảy ra?","Giảm dư thừa loại 74","Tăng tốc độ đọc","Không thay đổi","Gây lỗi khóa chính","A","Việc chuẩn hóa giúp tối ưu cấu trúc dữ liệu ở mức độ 3."
"Cơ Sở Dữ Liệu","Trong mô hình quan hệ, nếu ta thực hiện chuẩn hóa dạng 1NF cho bảng có 80 cột thì điều gì xảy ra?","Tăng tốc độ đọc","Giảm dư thừa loại 75","Gây lỗi khóa chính","Không thay đổi","A","Việc chuẩn hóa giúp tối ưu cấu trúc dữ liệu ở mức độ 1."
"Cơ Sở Dữ Liệu","Trong mô hình quan hệ, nếu ta thực hiện chuẩn hóa dạng 2NF cho bảng có 81 cột thì điều gì xảy ra?","Gây lỗi khóa chính","Giảm dư thừa loại 76","Tăng tốc độ đọc","Không thay đổi","A","Việc chuẩn hóa giúp tối ưu cấu trúc dữ liệu ở mức độ 2."
"Cơ Sở Dữ Liệu","Trong mô hình quan hệ, nếu ta thực hiện chuẩn hóa dạng 3NF cho bảng có 82 cột thì điều gì xảy ra?","Giảm dư thừa loại 77","Tăng tốc độ đọc","Không thay đổi","Gây lỗi khóa chính","A","Việc chuẩn hóa giúp tối ưu cấu trúc dữ liệu ở mức độ 3."
"Cơ Sở Dữ Liệu","Trong mô hình quan hệ, nếu ta thực hiện chuẩn hóa dạng 1NF cho bảng có 83 cột thì điều gì xảy ra?","Gây lỗi khóa chính","Tăng tốc độ đọc","Giảm dư thừa loại 78","Không thay đổi","A","Việc chuẩn hóa giúp tối ưu cấu trúc dữ liệu ở mức độ 1."
"Cơ Sở Dữ Liệu","Trong mô hình quan hệ, nếu ta thực hiện chuẩn hóa dạng 2NF cho bảng có 84 cột thì điều gì xảy ra?","Giảm dư thừa loại 79","Gây lỗi khóa chính","Tăng tốc độ đọc","Không thay đổi","A","Việc chuẩn hóa giúp tối ưu cấu trúc dữ liệu ở mức độ 2."
"Cơ Sở Dữ Liệu","Trong mô hình quan hệ, nếu ta thực hiện chuẩn hóa dạng 3NF cho bảng có 85 cột thì điều gì xảy ra?","Không thay đổi","Gây lỗi khóa chính","Tăng tốc độ đọc","Giảm dư thừa loại 80","A","Việc chuẩn hóa giúp tối ưu cấu trúc dữ liệu ở mức độ 3."
"Cơ Sở Dữ Liệu","Trong mô hình quan hệ, nếu ta thực hiện chuẩn hóa dạng 1NF cho bảng có 86 cột thì điều gì xảy ra?","Tăng tốc độ đọc","Giảm dư thừa loại 81","Gây lỗi khóa chính","Không thay đổi","A","Việc chuẩn hóa giúp tối ưu cấu trúc dữ liệu ở mức độ 1."
"Cơ Sở Dữ Liệu","Trong mô hình quan hệ, nếu ta thực hiện chuẩn hóa dạng 2NF cho bảng có 87 cột thì điều gì xảy ra?","Gây lỗi khóa chính","Không thay đổi","Tăng tốc độ đọc","Giảm dư thừa loại 82","A","Việc chuẩn hóa giúp tối ưu cấu trúc dữ liệu ở mức độ 2."
"Cơ Sở Dữ Liệu","Trong mô hình quan hệ, nếu ta thực hiện chuẩn hóa dạng 3NF cho bảng có 88 cột thì điều gì xảy ra?","Gây lỗi khóa chính","Không thay đổi","Tăng tốc độ đọc","Giảm dư thừa loại 83","A","Việc chuẩn hóa giúp tối ưu cấu trúc dữ liệu ở mức độ 3."
"Cơ Sở Dữ Liệu","Trong mô hình quan hệ, nếu ta thực hiện chuẩn hóa dạng 1NF cho bảng có 89 cột thì điều gì xảy ra?","Không thay đổi","Tăng tốc độ đọc","Gây lỗi khóa chính","Giảm dư thừa loại 84","A","Việc chuẩn hóa giúp tối ưu cấu trúc dữ liệu ở mức độ 1."
"Cơ Sở Dữ Liệu","Trong mô hình quan hệ, nếu ta thực hiện chuẩn hóa dạng 2NF cho bảng có 90 cột thì điều gì xảy ra?","Gây lỗi khóa chính","Không thay đổi","Tăng tốc độ đọc","Giảm dư thừa loại 85","A","Việc chuẩn hóa giúp tối ưu cấu trúc dữ liệu ở mức độ 2."
"Cơ Sở Dữ Liệu","Trong mô hình quan hệ, nếu ta thực hiện chuẩn hóa dạng 3NF cho bảng có 91 cột thì điều gì xảy ra?","Giảm dư thừa loại 86","Tăng tốc độ đọc","Gây lỗi khóa chính","Không thay đổi","A","Việc chuẩn hóa giúp tối ưu cấu trúc dữ liệu ở mức độ 3."
"Cơ Sở Dữ Liệu","Trong mô hình quan hệ, nếu ta thực hiện chuẩn hóa dạng 1NF cho bảng có 92 cột thì điều gì xảy ra?","Không thay đổi","Tăng tốc độ đọc","Gây lỗi khóa chính","Giảm dư thừa loại 87","A","Việc chuẩn hóa giúp tối ưu cấu trúc dữ liệu ở mức độ 1."
"Cơ Sở Dữ Liệu","Trong mô hình quan hệ, nếu ta thực hiện chuẩn hóa dạng 2NF cho bảng có 93 cột thì điều gì xảy ra?","Tăng tốc độ đọc","Không thay đổi","Gây lỗi khóa chính","Giảm dư thừa loại 88","A","Việc chuẩn hóa giúp tối ưu cấu trúc dữ liệu ở mức độ 2."
"Cơ Sở Dữ Liệu","Trong mô hình quan hệ, nếu ta thực hiện chuẩn hóa dạng 3NF cho bảng có 94 cột thì điều gì xảy ra?","Gây lỗi khóa chính","Giảm dư thừa loại 89","Tăng tốc độ đọc","Không thay đổi","A","Việc chuẩn hóa giúp tối ưu cấu trúc dữ liệu ở mức độ 3."
"Cơ Sở Dữ Liệu","Trong mô hình quan hệ, nếu ta thực hiện chuẩn hóa dạng 1NF cho bảng có 95 cột thì điều gì xảy ra?","Tăng tốc độ đọc","Gây lỗi khóa chính","Giảm dư thừa loại 90","Không thay đổi","A","Việc chuẩn hóa giúp tối ưu cấu trúc dữ liệu ở mức độ 1."
"Cơ Sở Dữ Liệu","Trong mô hình quan hệ, nếu ta thực hiện chuẩn hóa dạng 2NF cho bảng có 96 cột thì điều gì xảy ra?","Gây lỗi khóa chính","Giảm dư thừa loại 91","Tăng tốc độ đọc","Không thay đổi","A","Việc chuẩn hóa giúp tối ưu cấu trúc dữ liệu ở mức độ 2."
"Cơ Sở Dữ Liệu","Trong mô hình quan hệ, nếu ta thực hiện chuẩn hóa dạng 3NF cho bảng có 97 cột thì điều gì xảy ra?","Tăng tốc độ đọc","Giảm dư thừa loại 92","Gây lỗi khóa chính","Không thay đổi","A","Việc chuẩn hóa giúp tối ưu cấu trúc dữ liệu ở mức độ 3."
"Cơ Sở Dữ Liệu","Trong mô hình quan hệ, nếu ta thực hiện chuẩn hóa dạng 1NF cho bảng có 98 cột thì điều gì xảy ra?","Giảm dư thừa loại 93","Tăng tốc độ đọc","Gây lỗi khóa chính","Không thay đổi","A","Việc chuẩn hóa giúp tối ưu cấu trúc dữ liệu ở mức độ 1."
"Cơ Sở Dữ Liệu","Trong mô hình quan hệ, nếu ta thực hiện chuẩn hóa dạng 2NF cho bảng có 99 cột thì điều gì xảy ra?","Giảm dư thừa loại 94","Tăng tốc độ đọc","Gây lỗi khóa chính","Không thay đổi","A","Việc chuẩn hóa giúp tối ưu cấu trúc dữ liệu ở mức độ 2."
"Cơ Sở Dữ Liệu","Trong mô hình quan hệ, nếu ta thực hiện chuẩn hóa dạng 3NF cho bảng có 100 cột thì điều gì xảy ra?","Tăng tốc độ đọc","Không thay đổi","Giảm dư thừa loại 95","Gây lỗi khóa chính","A","Việc chuẩn hóa giúp tối ưu cấu trúc dữ liệu ở mức độ 3."
"Cơ Sở Dữ Liệu","Trong mô hình quan hệ, nếu ta thực hiện chuẩn hóa dạng 1NF cho bảng có 101 cột thì điều gì xảy ra?","Gây lỗi khóa chính","Tăng tốc độ đọc","Giảm dư thừa loại 96","Không thay đổi","A","Việc chuẩn hóa giúp tối ưu cấu trúc dữ liệu ở mức độ 1."
"Cơ Sở Dữ Liệu","Trong mô hình quan hệ, nếu ta thực hiện chuẩn hóa dạng 2NF cho bảng có 102 cột thì điều gì xảy ra?","Không thay đổi","Tăng tốc độ đọc","Giảm dư thừa loại 97","Gây lỗi khóa chính","A","Việc chuẩn hóa giúp tối ưu cấu trúc dữ liệu ở mức độ 2."
"Cơ Sở Dữ Liệu","Trong mô hình quan hệ, nếu ta thực hiện chuẩn hóa dạng 3NF cho bảng có 103 cột thì điều gì xảy ra?","Giảm dư thừa loại 98","Tăng tốc độ đọc","Gây lỗi khóa chính","Không thay đổi","A","Việc chuẩn hóa giúp tối ưu cấu trúc dữ liệu ở mức độ 3."
"Cơ Sở Dữ Liệu","Trong mô hình quan hệ, nếu ta thực hiện chuẩn hóa dạng 1NF cho bảng có 104 cột thì điều gì xảy ra?","Tăng tốc độ đọc","Giảm dư thừa loại 99","Gây lỗi khóa chính","Không thay đổi","A","Việc chuẩn hóa giúp tối ưu cấu trúc dữ liệu ở mức độ 1."
"Cơ Sở Dữ Liệu","Trong mô hình quan hệ, nếu ta thực hiện chuẩn hóa dạng 2NF cho bảng có 105 cột thì điều gì xảy ra?","Tăng tốc độ đọc","Giảm dư thừa loại 100","Gây lỗi khóa chính","Không thay đổi","A","Việc chuẩn hóa giúp tối ưu cấu trúc dữ liệu ở mức độ 2."
"Giải Tích","Tính giá trị của biểu thức tích phân xác định trong miền từ 1 đến 2 của hàm số biến thiên bậc 1?","Giá trị 1.00","Vô nghiệm","Không xác định","Giá trị 2","A","Áp dụng các định lý cơ bản về tích phân cho hàm bậc 1."
"Giải Tích","Tính giá trị của biểu thức tích phân xác định trong miền từ 2 đến 3 của hàm số biến thiên bậc 2?","Không xác định","Vô nghiệm","Giá trị 1.41","Giá trị 4","A","Áp dụng các định lý cơ bản về tích phân cho hàm bậc 2."
"Giải Tích","Tính giá trị của biểu thức tích phân xác định trong miền từ 3 đến 4 của hàm số biến thiên bậc 3?","Giá trị 6","Giá trị 1.73","Không xác định","Vô nghiệm","A","Áp dụng các định lý cơ bản về tích phân cho hàm bậc 3."
"Giải Tích","Tính giá trị của biểu thức tích phân xác định trong miền từ 4 đến 5 của hàm số biến thiên bậc 0?","Không xác định","Vô nghiệm","Giá trị 2.00","Giá trị 8","A","Áp dụng các định lý cơ bản về tích phân cho hàm bậc 0."
"Giải Tích","Tính giá trị của biểu thức tích phân xác định trong miền từ 5 đến 6 của hàm số biến thiên bậc 1?","Giá trị 10","Giá trị 2.24","Vô nghiệm","Không xác định","A","Áp dụng các định lý cơ bản về tích phân cho hàm bậc 1."
"Giải Tích","Tính giá trị của biểu thức tích phân xác định trong miền từ 6 đến 7 của hàm số biến thiên bậc 2?","Vô nghiệm","Giá trị 2.45","Không xác định","Giá trị 12","A","Áp dụng các định lý cơ bản về tích phân cho hàm bậc 2."
"Giải Tích","Tính giá trị của biểu thức tích phân xác định trong miền từ 7 đến 8 của hàm số biến thiên bậc 3?","Vô nghiệm","Giá trị 2.65","Không xác định","Giá trị 14","A","Áp dụng các định lý cơ bản về tích phân cho hàm bậc 3."
"Giải Tích","Tính giá trị của biểu thức tích phân xác định trong miền từ 8 đến 9 của hàm số biến thiên bậc 0?","Không xác định","Giá trị 2.83","Vô nghiệm","Giá trị 16","A","Áp dụng các định lý cơ bản về tích phân cho hàm bậc 0."
"Giải Tích","Tính giá trị của biểu thức tích phân xác định trong miền từ 9 đến 10 của hàm số biến thiên bậc 1?","Giá trị 18","Giá trị 3.00","Không xác định","Vô nghiệm","A","Áp dụng các định lý cơ bản về tích phân cho hàm bậc 1."
"Giải Tích","Tính giá trị của biểu thức tích phân xác định trong miền từ 10 đến 11 của hàm số biến thiên bậc 2?","Giá trị 20","Giá trị 3.16","Không xác định","Vô nghiệm","A","Áp dụng các định lý cơ bản về tích phân cho hàm bậc 2."
"Giải Tích","Tính giá trị của biểu thức tích phân xác định trong miền từ 11 đến 12 của hàm số biến thiên bậc 3?","Vô nghiệm","Giá trị 22","Không xác định","Giá trị 3.32","A","Áp dụng các định lý cơ bản về tích phân cho hàm bậc 3."
"Giải Tích","Tính giá trị của biểu thức tích phân xác định trong miền từ 12 đến 13 của hàm số biến thiên bậc 0?","Không xác định","Giá trị 24","Giá trị 3.46","Vô nghiệm","A","Áp dụng các định lý cơ bản về tích phân cho hàm bậc 0."
"Giải Tích","Tính giá trị của biểu thức tích phân xác định trong miền từ 13 đến 14 của hàm số biến thiên bậc 1?","Không xác định","Giá trị 3.61","Giá trị 26","Vô nghiệm","A","Áp dụng các định lý cơ bản về tích phân cho hàm bậc 1."
"Giải Tích","Tính giá trị của biểu thức tích phân xác định trong miền từ 14 đến 15 của hàm số biến thiên bậc 2?","Không xác định","Giá trị 28","Giá trị 3.74","Vô nghiệm","A","Áp dụng các định lý cơ bản về tích phân cho hàm bậc 2."
"Giải Tích","Tính giá trị của biểu thức tích phân xác định trong miền từ 15 đến 16 của hàm số biến thiên bậc 3?","Không xác định","Giá trị 30","Giá trị 3.87","Vô nghiệm","A","Áp dụng các định lý cơ bản về tích phân cho hàm bậc 3."
"Giải Tích","Tính giá trị của biểu thức tích phân xác định trong miền từ 16 đến 17 của hàm số biến thiên bậc 0?","Không xác định","Vô nghiệm","Giá trị 32","Giá trị 4.00","A","Áp dụng các định lý cơ bản về tích phân cho hàm bậc 0."
"Giải Tích","Tính giá trị của biểu thức tích phân xác định trong miền từ 17 đến 18 của hàm số biến thiên bậc 1?","Vô nghiệm","Giá trị 4.12","Giá trị 34","Không xác định","A","Áp dụng các định lý cơ bản về tích phân cho hàm bậc 1."
"Giải Tích","Tính giá trị của biểu thức tích phân xác định trong miền từ 18 đến 19 của hàm số biến thiên bậc 2?","Giá trị 36","Giá trị 4.24","Vô nghiệm","Không xác định","A","Áp dụng các định lý cơ bản về tích phân cho hàm bậc 2."
"Giải Tích","Tính giá trị của biểu thức tích phân xác định trong miền từ 19 đến 20 của hàm số biến thiên bậc 3?","Vô nghiệm","Giá trị 4.36","Giá trị 38","Không xác định","A","Áp dụng các định lý cơ bản về tích phân cho hàm bậc 3."
"Giải Tích","Tính giá trị của biểu thức tích phân xác định trong miền từ 20 đến 21 của hàm số biến thiên bậc 0?","Giá trị 40","Giá trị 4.47","Vô nghiệm","Không xác định","A","Áp dụng các định lý cơ bản về tích phân cho hàm bậc 0."
"Giải Tích","Tính giá trị của biểu thức tích phân xác định trong miền từ 21 đến 22 của hàm số biến thiên bậc 1?","Giá trị 4.58","Giá trị 42","Không xác định","Vô nghiệm","A","Áp dụng các định lý cơ bản về tích phân cho hàm bậc 1."
"Giải Tích","Tính giá trị của biểu thức tích phân xác định trong miền từ 22 đến 23 của hàm số biến thiên bậc 2?","Giá trị 4.69","Không xác định","Giá trị 44","Vô nghiệm","A","Áp dụng các định lý cơ bản về tích phân cho hàm bậc 2."
"Giải Tích","Tính giá trị của biểu thức tích phân xác định trong miền từ 23 đến 24 của hàm số biến thiên bậc 3?","Giá trị 4.80","Vô nghiệm","Không xác định","Giá trị 46","A","Áp dụng các định lý cơ bản về tích phân cho hàm bậc 3."
"Giải Tích","Tính giá trị của biểu thức tích phân xác định trong miền từ 24 đến 25 của hàm số biến thiên bậc 0?","Giá trị 4.90","Giá trị 48","Vô nghiệm","Không xác định","A","Áp dụng các định lý cơ bản về tích phân cho hàm bậc 0."
"Giải Tích","Tính giá trị của biểu thức tích phân xác định trong miền từ 25 đến 26 của hàm số biến thiên bậc 1?","Vô nghiệm","Không xác định","Giá trị 5.00","Giá trị 50","A","Áp dụng các định lý cơ bản về tích phân cho hàm bậc 1."
"Giải Tích","Tính giá trị của biểu thức tích phân xác định trong miền từ 26 đến 27 của hàm số biến thiên bậc 2?","Vô nghiệm","Giá trị 5.10","Giá trị 52","Không xác định","A","Áp dụng các định lý cơ bản về tích phân cho hàm bậc 2."
"Giải Tích","Tính giá trị của biểu thức tích phân xác định trong miền từ 27 đến 28 của hàm số biến thiên bậc 3?","Vô nghiệm","Không xác định","Giá trị 5.20","Giá trị 54","A","Áp dụng các định lý cơ bản về tích phân cho hàm bậc 3."
"Giải Tích","Tính giá trị của biểu thức tích phân xác định trong miền từ 28 đến 29 của hàm số biến thiên bậc 0?","Giá trị 56","Giá trị 5.29","Vô nghiệm","Không xác định","A","Áp dụng các định lý cơ bản về tích phân cho hàm bậc 0."
"Giải Tích","Tính giá trị của biểu thức tích phân xác định trong miền từ 29 đến 30 của hàm số biến thiên bậc 1?","Không xác định","Vô nghiệm","Giá trị 5.39","Giá trị 58","A","Áp dụng các định lý cơ bản về tích phân cho hàm bậc 1."
"Giải Tích","Tính giá trị của biểu thức tích phân xác định trong miền từ 30 đến 31 của hàm số biến thiên bậc 2?","Không xác định","Giá trị 5.48","Giá trị 60","Vô nghiệm","A","Áp dụng các định lý cơ bản về tích phân cho hàm bậc 2."
"Giải Tích","Tính giá trị của biểu thức tích phân xác định trong miền từ 31 đến 32 của hàm số biến thiên bậc 3?","Không xác định","Giá trị 62","Giá trị 5.57","Vô nghiệm","A","Áp dụng các định lý cơ bản về tích phân cho hàm bậc 3."
"Giải Tích","Tính giá trị của biểu thức tích phân xác định trong miền từ 32 đến 33 của hàm số biến thiên bậc 0?","Giá trị 5.66","Không xác định","Giá trị 64","Vô nghiệm","A","Áp dụng các định lý cơ bản về tích phân cho hàm bậc 0."
"Giải Tích","Tính giá trị của biểu thức tích phân xác định trong miền từ 33 đến 34 của hàm số biến thiên bậc 1?","Vô nghiệm","Không xác định","Giá trị 5.74","Giá trị 66","A","Áp dụng các định lý cơ bản về tích phân cho hàm bậc 1."
"Giải Tích","Tính giá trị của biểu thức tích phân xác định trong miền từ 34 đến 35 của hàm số biến thiên bậc 2?","Giá trị 68","Vô nghiệm","Giá trị 5.83","Không xác định","A","Áp dụng các định lý cơ bản về tích phân cho hàm bậc 2."
"Giải Tích","Tính giá trị của biểu thức tích phân xác định trong miền từ 35 đến 36 của hàm số biến thiên bậc 3?","Giá trị 70","Không xác định","Giá trị 5.92","Vô nghiệm","A","Áp dụng các định lý cơ bản về tích phân cho hàm bậc 3."
"Giải Tích","Tính giá trị của biểu thức tích phân xác định trong miền từ 36 đến 37 của hàm số biến thiên bậc 0?","Giá trị 72","Không xác định","Giá trị 6.00","Vô nghiệm","A","Áp dụng các định lý cơ bản về tích phân cho hàm bậc 0."
"Giải Tích","Tính giá trị của biểu thức tích phân xác định trong miền từ 37 đến 38 của hàm số biến thiên bậc 1?","Giá trị 6.08","Vô nghiệm","Không xác định","Giá trị 74","A","Áp dụng các định lý cơ bản về tích phân cho hàm bậc 1."
"Giải Tích","Tính giá trị của biểu thức tích phân xác định trong miền từ 38 đến 39 của hàm số biến thiên bậc 2?","Không xác định","Vô nghiệm","Giá trị 6.16","Giá trị 76","A","Áp dụng các định lý cơ bản về tích phân cho hàm bậc 2."
"Giải Tích","Tính giá trị của biểu thức tích phân xác định trong miền từ 39 đến 40 của hàm số biến thiên bậc 3?","Giá trị 78","Vô nghiệm","Không xác định","Giá trị 6.24","A","Áp dụng các định lý cơ bản về tích phân cho hàm bậc 3."
"Giải Tích","Tính giá trị của biểu thức tích phân xác định trong miền từ 40 đến 41 của hàm số biến thiên bậc 0?","Giá trị 80","Giá trị 6.32","Vô nghiệm","Không xác định","A","Áp dụng các định lý cơ bản về tích phân cho hàm bậc 0."
"Giải Tích","Tính giá trị của biểu thức tích phân xác định trong miền từ 41 đến 42 của hàm số biến thiên bậc 1?","Giá trị 82","Không xác định","Giá trị 6.40","Vô nghiệm","A","Áp dụng các định lý cơ bản về tích phân cho hàm bậc 1."
"Giải Tích","Tính giá trị của biểu thức tích phân xác định trong miền từ 42 đến 43 của hàm số biến thiên bậc 2?","Giá trị 84","Giá trị 6.48","Vô nghiệm","Không xác định","A","Áp dụng các định lý cơ bản về tích phân cho hàm bậc 2."
"Giải Tích","Tính giá trị của biểu thức tích phân xác định trong miền từ 43 đến 44 của hàm số biến thiên bậc 3?","Giá trị 86","Không xác định","Giá trị 6.56","Vô nghiệm","A","Áp dụng các định lý cơ bản về tích phân cho hàm bậc 3."
"Giải Tích","Tính giá trị của biểu thức tích phân xác định trong miền từ 44 đến 45 của hàm số biến thiên bậc 0?","Không xác định","Giá trị 88","Giá trị 6.63","Vô nghiệm","A","Áp dụng các định lý cơ bản về tích phân cho hàm bậc 0."
"Giải Tích","Tính giá trị của biểu thức tích phân xác định trong miền từ 45 đến 46 của hàm số biến thiên bậc 1?","Vô nghiệm","Không xác định","Giá trị 6.71","Giá trị 90","A","Áp dụng các định lý cơ bản về tích phân cho hàm bậc 1."
"Giải Tích","Tính giá trị của biểu thức tích phân xác định trong miền từ 46 đến 47 của hàm số biến thiên bậc 2?","Không xác định","Vô nghiệm","Giá trị 6.78","Giá trị 92","A","Áp dụng các định lý cơ bản về tích phân cho hàm bậc 2."
"Giải Tích","Tính giá trị của biểu thức tích phân xác định trong miền từ 47 đến 48 của hàm số biến thiên bậc 3?","Vô nghiệm","Giá trị 6.86","Không xác định","Giá trị 94","A","Áp dụng các định lý cơ bản về tích phân cho hàm bậc 3."
"Giải Tích","Tính giá trị của biểu thức tích phân xác định trong miền từ 48 đến 49 của hàm số biến thiên bậc 0?","Giá trị 96","Giá trị 6.93","Vô nghiệm","Không xác định","A","Áp dụng các định lý cơ bản về tích phân cho hàm bậc 0."
"Giải Tích","Tính giá trị của biểu thức tích phân xác định trong miền từ 49 đến 50 của hàm số biến thiên bậc 1?","Không xác định","Giá trị 7.00","Giá trị 98","Vô nghiệm","A","Áp dụng các định lý cơ bản về tích phân cho hàm bậc 1."
"Giải Tích","Tính giá trị của biểu thức tích phân xác định trong miền từ 50 đến 51 của hàm số biến thiên bậc 2?","Giá trị 7.07","Không xác định","Vô nghiệm","Giá trị 100","A","Áp dụng các định lý cơ bản về tích phân cho hàm bậc 2."
"Giải Tích","Tính giá trị của biểu thức tích phân xác định trong miền từ 51 đến 52 của hàm số biến thiên bậc 3?","Giá trị 102","Giá trị 7.14","Vô nghiệm","Không xác định","A","Áp dụng các định lý cơ bản về tích phân cho hàm bậc 3."
"Giải Tích","Tính giá trị của biểu thức tích phân xác định trong miền từ 52 đến 53 của hàm số biến thiên bậc 0?","Giá trị 104","Giá trị 7.21","Vô nghiệm","Không xác định","A","Áp dụng các định lý cơ bản về tích phân cho hàm bậc 0."
"Giải Tích","Tính giá trị của biểu thức tích phân xác định trong miền từ 53 đến 54 của hàm số biến thiên bậc 1?","Không xác định","Vô nghiệm","Giá trị 7.28","Giá trị 106","A","Áp dụng các định lý cơ bản về tích phân cho hàm bậc 1."
"Giải Tích","Tính giá trị của biểu thức tích phân xác định trong miền từ 54 đến 55 của hàm số biến thiên bậc 2?","Giá trị 7.35","Không xác định","Giá trị 108","Vô nghiệm","A","Áp dụng các định lý cơ bản về tích phân cho hàm bậc 2."
"Giải Tích","Tính giá trị của biểu thức tích phân xác định trong miền từ 55 đến 56 của hàm số biến thiên bậc 3?","Vô nghiệm","Giá trị 7.42","Giá trị 110","Không xác định","A","Áp dụng các định lý cơ bản về tích phân cho hàm bậc 3."
"Giải Tích","Tính giá trị của biểu thức tích phân xác định trong miền từ 56 đến 57 của hàm số biến thiên bậc 0?","Vô nghiệm","Không xác định","Giá trị 112","Giá trị 7.48","A","Áp dụng các định lý cơ bản về tích phân cho hàm bậc 0."
"Giải Tích","Tính giá trị của biểu thức tích phân xác định trong miền từ 57 đến 58 của hàm số biến thiên bậc 1?","Không xác định","Vô nghiệm","Giá trị 7.55","Giá trị 114","A","Áp dụng các định lý cơ bản về tích phân cho hàm bậc 1."
"Giải Tích","Tính giá trị của biểu thức tích phân xác định trong miền từ 58 đến 59 của hàm số biến thiên bậc 2?","Vô nghiệm","Không xác định","Giá trị 7.62","Giá trị 116","A","Áp dụng các định lý cơ bản về tích phân cho hàm bậc 2."
"Giải Tích","Tính giá trị của biểu thức tích phân xác định trong miền từ 59 đến 60 của hàm số biến thiên bậc 3?","Vô nghiệm","Không xác định","Giá trị 118","Giá trị 7.68","A","Áp dụng các định lý cơ bản về tích phân cho hàm bậc 3."
"Giải Tích","Tính giá trị của biểu thức tích phân xác định trong miền từ 60 đến 61 của hàm số biến thiên bậc 0?","Giá trị 120","Vô nghiệm","Không xác định","Giá trị 7.75","A","Áp dụng các định lý cơ bản về tích phân cho hàm bậc 0."
"Giải Tích","Tính giá trị của biểu thức tích phân xác định trong miền từ 61 đến 62 của hàm số biến thiên bậc 1?","Giá trị 122","Giá trị 7.81","Không xác định","Vô nghiệm","A","Áp dụng các định lý cơ bản về tích phân cho hàm bậc 1."
"Giải Tích","Tính giá trị của biểu thức tích phân xác định trong miền từ 62 đến 63 của hàm số biến thiên bậc 2?","Không xác định","Giá trị 124","Giá trị 7.87","Vô nghiệm","A","Áp dụng các định lý cơ bản về tích phân cho hàm bậc 2."
"Giải Tích","Tính giá trị của biểu thức tích phân xác định trong miền từ 63 đến 64 của hàm số biến thiên bậc 3?","Giá trị 7.94","Vô nghiệm","Giá trị 126","Không xác định","A","Áp dụng các định lý cơ bản về tích phân cho hàm bậc 3."
"Giải Tích","Tính giá trị của biểu thức tích phân xác định trong miền từ 64 đến 65 của hàm số biến thiên bậc 0?","Giá trị 128","Giá trị 8.00","Vô nghiệm","Không xác định","A","Áp dụng các định lý cơ bản về tích phân cho hàm bậc 0."
"Giải Tích","Tính giá trị của biểu thức tích phân xác định trong miền từ 65 đến 66 của hàm số biến thiên bậc 1?","Không xác định","Giá trị 130","Giá trị 8.06","Vô nghiệm","A","Áp dụng các định lý cơ bản về tích phân cho hàm bậc 1."
"Giải Tích","Tính giá trị của biểu thức tích phân xác định trong miền từ 66 đến 67 của hàm số biến thiên bậc 2?","Không xác định","Giá trị 8.12","Giá trị 132","Vô nghiệm","A","Áp dụng các định lý cơ bản về tích phân cho hàm bậc 2."
"Giải Tích","Tính giá trị của biểu thức tích phân xác định trong miền từ 67 đến 68 của hàm số biến thiên bậc 3?","Giá trị 134","Giá trị 8.19","Không xác định","Vô nghiệm","A","Áp dụng các định lý cơ bản về tích phân cho hàm bậc 3."
"Giải Tích","Tính giá trị của biểu thức tích phân xác định trong miền từ 68 đến 69 của hàm số biến thiên bậc 0?","Không xác định","Vô nghiệm","Giá trị 8.25","Giá trị 136","A","Áp dụng các định lý cơ bản về tích phân cho hàm bậc 0."
"Giải Tích","Tính giá trị của biểu thức tích phân xác định trong miền từ 69 đến 70 của hàm số biến thiên bậc 1?","Không xác định","Vô nghiệm","Giá trị 8.31","Giá trị 138","A","Áp dụng các định lý cơ bản về tích phân cho hàm bậc 1."
"Giải Tích","Tính giá trị của biểu thức tích phân xác định trong miền từ 70 đến 71 của hàm số biến thiên bậc 2?","Không xác định","Vô nghiệm","Giá trị 8.37","Giá trị 140","A","Áp dụng các định lý cơ bản về tích phân cho hàm bậc 2."
"Giải Tích","Tính giá trị của biểu thức tích phân xác định trong miền từ 71 đến 72 của hàm số biến thiên bậc 3?","Giá trị 142","Giá trị 8.43","Vô nghiệm","Không xác định","A","Áp dụng các định lý cơ bản về tích phân cho hàm bậc 3."
"Giải Tích","Tính giá trị của biểu thức tích phân xác định trong miền từ 72 đến 73 của hàm số biến thiên bậc 0?","Không xác định","Vô nghiệm","Giá trị 8.49","Giá trị 144","A","Áp dụng các định lý cơ bản về tích phân cho hàm bậc 0."
"Giải Tích","Tính giá trị của biểu thức tích phân xác định trong miền từ 73 đến 74 của hàm số biến thiên bậc 1?","Vô nghiệm","Giá trị 8.54","Không xác định","Giá trị 146","A","Áp dụng các định lý cơ bản về tích phân cho hàm bậc 1."
"Giải Tích","Tính giá trị của biểu thức tích phân xác định trong miền từ 74 đến 75 của hàm số biến thiên bậc 2?","Không xác định","Vô nghiệm","Giá trị 148","Giá trị 8.60","A","Áp dụng các định lý cơ bản về tích phân cho hàm bậc 2."
"Giải Tích","Tính giá trị của biểu thức tích phân xác định trong miền từ 75 đến 76 của hàm số biến thiên bậc 3?","Vô nghiệm","Giá trị 8.66","Giá trị 150","Không xác định","A","Áp dụng các định lý cơ bản về tích phân cho hàm bậc 3."
"Giải Tích","Tính giá trị của biểu thức tích phân xác định trong miền từ 76 đến 77 của hàm số biến thiên bậc 0?","Không xác định","Giá trị 8.72","Giá trị 152","Vô nghiệm","A","Áp dụng các định lý cơ bản về tích phân cho hàm bậc 0."
"Giải Tích","Tính giá trị của biểu thức tích phân xác định trong miền từ 77 đến 78 của hàm số biến thiên bậc 1?","Giá trị 154","Giá trị 8.77","Vô nghiệm","Không xác định","A","Áp dụng các định lý cơ bản về tích phân cho hàm bậc 1."
"Giải Tích","Tính giá trị của biểu thức tích phân xác định trong miền từ 78 đến 79 của hàm số biến thiên bậc 2?","Giá trị 156","Giá trị 8.83","Vô nghiệm","Không xác định","A","Áp dụng các định lý cơ bản về tích phân cho hàm bậc 2."
"Giải Tích","Tính giá trị của biểu thức tích phân xác định trong miền từ 79 đến 80 của hàm số biến thiên bậc 3?","Vô nghiệm","Giá trị 158","Không xác định","Giá trị 8.89","A","Áp dụng các định lý cơ bản về tích phân cho hàm bậc 3."
"Giải Tích","Tính giá trị của biểu thức tích phân xác định trong miền từ 80 đến 81 của hàm số biến thiên bậc 0?","Vô nghiệm","Giá trị 160","Không xác định","Giá trị 8.94","A","Áp dụng các định lý cơ bản về tích phân cho hàm bậc 0."
"Giải Tích","Tính giá trị của biểu thức tích phân xác định trong miền từ 81 đến 82 của hàm số biến thiên bậc 1?","Không xác định","Vô nghiệm","Giá trị 162","Giá trị 9.00","A","Áp dụng các định lý cơ bản về tích phân cho hàm bậc 1."
"Giải Tích","Tính giá trị của biểu thức tích phân xác định trong miền từ 82 đến 83 của hàm số biến thiên bậc 2?","Giá trị 164","Giá trị 9.06","Vô nghiệm","Không xác định","A","Áp dụng các định lý cơ bản về tích phân cho hàm bậc 2."
"Giải Tích","Tính giá trị của biểu thức tích phân xác định trong miền từ 83 đến 84 của hàm số biến thiên bậc 3?","Vô nghiệm","Giá trị 166","Giá trị 9.11","Không xác định","A","Áp dụng các định lý cơ bản về tích phân cho hàm bậc 3."
"Giải Tích","Tính giá trị của biểu thức tích phân xác định trong miền từ 84 đến 85 của hàm số biến thiên bậc 0?","Giá trị 9.17","Giá trị 168","Không xác định","Vô nghiệm","A","Áp dụng các định lý cơ bản về tích phân cho hàm bậc 0."
"Giải Tích","Tính giá trị của biểu thức tích phân xác định trong miền từ 85 đến 86 của hàm số biến thiên bậc 1?","Không xác định","Giá trị 170","Giá trị 9.22","Vô nghiệm","A","Áp dụng các định lý cơ bản về tích phân cho hàm bậc 1."
"Giải Tích","Tính giá trị của biểu thức tích phân xác định trong miền từ 86 đến 87 của hàm số biến thiên bậc 2?","Giá trị 172","Giá trị 9.27","Không xác định","Vô nghiệm","A","Áp dụng các định lý cơ bản về tích phân cho hàm bậc 2."
"Giải Tích","Tính giá trị của biểu thức tích phân xác định trong miền từ 87 đến 88 của hàm số biến thiên bậc 3?","Không xác định","Giá trị 174","Giá trị 9.33","Vô nghiệm","A","Áp dụng các định lý cơ bản về tích phân cho hàm bậc 3."
"Giải Tích","Tính giá trị của biểu thức tích phân xác định trong miền từ 88 đến 89 của hàm số biến thiên bậc 0?","Giá trị 9.38","Vô nghiệm","Giá trị 176","Không xác định","A","Áp dụng các định lý cơ bản về tích phân cho hàm bậc 0."
"Giải Tích","Tính giá trị của biểu thức tích phân xác định trong miền từ 89 đến 90 của hàm số biến thiên bậc 1?","Vô nghiệm","Giá trị 9.43","Giá trị 178","Không xác định","A","Áp dụng các định lý cơ bản về tích phân cho hàm bậc 1."
"Giải Tích","Tính giá trị của biểu thức tích phân xác định trong miền từ 90 đến 91 của hàm số biến thiên bậc 2?","Giá trị 9.49","Vô nghiệm","Không xác định","Giá trị 180","A","Áp dụng các định lý cơ bản về tích phân cho hàm bậc 2."
"Giải Tích","Tính giá trị của biểu thức tích phân xác định trong miền từ 91 đến 92 của hàm số biến thiên bậc 3?","Vô nghiệm","Không xác định","Giá trị 182","Giá trị 9.54","A","Áp dụng các định lý cơ bản về tích phân cho hàm bậc 3."
"Giải Tích","Tính giá trị của biểu thức tích phân xác định trong miền từ 92 đến 93 của hàm số biến thiên bậc 0?","Vô nghiệm","Giá trị 9.59","Không xác định","Giá trị 184","A","Áp dụng các định lý cơ bản về tích phân cho hàm bậc 0."
"Giải Tích","Tính giá trị của biểu thức tích phân xác định trong miền từ 93 đến 94 của hàm số biến thiên bậc 1?","Giá trị 9.64","Vô nghiệm","Giá trị 186","Không xác định","A","Áp dụng các định lý cơ bản về tích phân cho hàm bậc 1."
"Giải Tích","Tính giá trị của biểu thức tích phân xác định trong miền từ 94 đến 95 của hàm số biến thiên bậc 2?","Vô nghiệm","Không xác định","Giá trị 9.70","Giá trị 188","A","Áp dụng các định lý cơ bản về tích phân cho hàm bậc 2."
"Giải Tích","Tính giá trị của biểu thức tích phân xác định trong miền từ 95 đến 96 của hàm số biến thiên bậc 3?","Không xác định","Giá trị 9.75","Giá trị 190","Vô nghiệm","A","Áp dụng các định lý cơ bản về tích phân cho hàm bậc 3."
"Giải Tích","Tính giá trị của biểu thức tích phân xác định trong miền từ 96 đến 97 của hàm số biến thiên bậc 0?","Vô nghiệm","Giá trị 9.80","Không xác định","Giá trị 192","A","Áp dụng các định lý cơ bản về tích phân cho hàm bậc 0."
"Giải Tích","Tính giá trị của biểu thức tích phân xác định trong miền từ 97 đến 98 của hàm số biến thiên bậc 1?","Vô nghiệm","Không xác định","Giá trị 9.85","Giá trị 194","A","Áp dụng các định lý cơ bản về tích phân cho hàm bậc 1."
"Giải Tích","Tính giá trị của biểu thức tích phân xác định trong miền từ 98 đến 99 của hàm số biến thiên bậc 2?","Vô nghiệm","Giá trị 196","Không xác định","Giá trị 9.90","A","Áp dụng các định lý cơ bản về tích phân cho hàm bậc 2."
"Giải Tích","Tính giá trị của biểu thức tích phân xác định trong miền từ 99 đến 100 của hàm số biến thiên bậc 3?","Giá trị 198","Không xác định","Giá trị 9.95","Vô nghiệm","A","Áp dụng các định lý cơ bản về tích phân cho hàm bậc 3."
"Giải Tích","Tính giá trị của biểu thức tích phân xác định trong miền từ 100 đến 101 của hàm số biến thiên bậc 0?","Không xác định","Vô nghiệm","Giá trị 10.00","Giá trị 200","A","Áp dụng các định lý cơ bản về tích phân cho hàm bậc 0."
"Lập Trình Hướng Đối Tượng","Mục đích chính của tính đóng gói là gì?","Che giấu chi tiết cài đặt và bảo vệ dữ liệu","Cho phép kế thừa lớp cha","Tăng tốc độ thực thi","Giảm bộ nhớ sử dụng","A","Tính đóng gói giúp bảo vệ trạng thái bên trong của đối tượng."
"Lập Trình Hướng Đối Tượng","Từ khóa nào dùng để kế thừa một lớp trong Java?","extends","implements","inherits","using","A","Java dùng extends cho kế thừa lớp."
"Lập Trình Hướng Đối Tượng","Đa hình tại thời điểm biên dịch (Compile-time polymorphism) được thực hiện qua:","Nạp chồng phương thức (Overloading)","Ghi đè phương thức (Overriding)","Kế thừa","Interface","A","Overloading được quyết định lúc biên dịch."
"Lập Trình Hướng Đối Tượng","Lớp trừu tượng (Abstract class) có đặc điểm gì?","Không thể khởi tạo đối tượng trực tiếp từ nó","Không thể chứa phương thức có thân hàm","Luôn phải có phương thức static","Không thể bị kế thừa","A","Lớp trừu tượng dùng làm khuôn mẫu, không thể tạo instance."
"Lập Trình Hướng Đối Tượng","Từ khóa nào thường dùng để thực hiện đóng gói dữ liệu trong Java?","private","public","protected","static","A","Private giúp hạn chế truy cập trực tiếp từ bên ngoài."
"Lập Trình Hướng Đối Tượng","Một lớp con có thể kế thừa bao nhiêu lớp cha trực tiếp trong Java?","1","2","Không giới hạn","0","A","Java không hỗ trợ đa kế thừa lớp."
"Lập Trình Hướng Đối Tượng","Đa hình tại thời điểm thực thi (Run-time polymorphism) được thực hiện qua:","Ghi đè phương thức (Overriding)","Nạp chồng phương thức (Overloading)","Từ khóa static","Từ khóa final","A","Overriding được quyết định dựa trên kiểu đối tượng thực tế lúc chạy."
"Lập Trình Hướng Đối Tượng","Phương thức trừu tượng (Abstract method) là gì?","Phương thức không có thân hàm (implementation)","Phương thức luôn trả về void","Phương thức chỉ có trong Interface","Phương thức không thể ghi đè","A","Nó chỉ định nghĩa tên và tham số, để lớp con cài đặt."
"Lập Trình Hướng Đối Tượng","Để truy cập các thuộc tính private, chúng ta thường dùng phương thức nào?","Getter và Setter","Constructor","Destructor","Static method","A","Getter/Setter là cách chuẩn để truy cập dữ liệu đóng gói."
"Lập Trình Hướng Đối Tượng","Lớp nào là lớp cha của tất cả các lớp trong Java?","Object","Class","Main","Parent","A","Mọi lớp trong Java đều kế thừa từ java.lang.Object."
"Lập Trình Hướng Đối Tượng","Điều kiện để ghi đè phương thức (Overriding) là gì?","Phương thức lớp con phải có cùng tên và tham số với lớp cha","Phải khác tên","Phải khác số lượng tham số","Phải có từ khóa static","A","Signature phải hoàn toàn giống nhau."
"Lập Trình Hướng Đối Tượng","Một lớp chứa ít nhất một phương thức trừu tượng thì lớp đó phải là:","Lớp trừu tượng","Lớp final","Lớp static","Interface","A","Bắt buộc phải khai báo là abstract class."
"Lập Trình Hướng Đối Tượng","Lợi ích của việc sử dụng Setter là gì?","Có thể kiểm tra tính hợp lệ của dữ liệu trước khi gán","Làm mã nguồn ngắn hơn","Tự động xóa bộ nhớ","Không có lợi ích gì","A","Setter cho phép kiểm soát logic gán giá trị."
"Lập Trình Hướng Đối Tượng","Từ khóa 'super' dùng để làm gì?","Gọi phương thức hoặc constructor của lớp cha","Tạo đối tượng mới","Dừng chương trình","Gọi phương thức tĩnh","A","super tham chiếu đến lớp cha trực tiếp."
"Lập Trình Hướng Đối Tượng","Interface trong Java giúp thực hiện tính chất nào?","Đa hình và đa kế thừa hành vi","Đóng gói dữ liệu","Tiết kiệm bộ nhớ","Tăng tốc độ CPU","A","Interface cho phép một lớp thực thi nhiều hành vi khác nhau."
"Lập Trình Hướng Đối Tượng","Điểm khác biệt chính giữa Interface và Abstract Class là gì?","Interface chỉ chứa các hằng số và phương thức trừu tượng (Java phiên bản cũ)","Abstract class không thể chứa thuộc tính","Interface có thể khởi tạo đối tượng","Không có sự khác biệt","A","Interface tập trung vào hành vi (HAS-A), Abstract Class vào bản chất (IS-A)."
"Lập Trình Hướng Đối Tượng","Mục đích chính của tính đóng gói là gì?","Che giấu chi tiết cài đặt và bảo vệ dữ liệu","Cho phép kế thừa lớp cha","Tăng tốc độ thực thi","Giảm bộ nhớ sử dụng","A","Tính đóng gói giúp bảo vệ trạng thái bên trong của đối tượng."
"Lập Trình Hướng Đối Tượng","Từ khóa nào dùng để kế thừa một lớp trong Java?","extends","implements","inherits","using","A","Java dùng extends cho kế thừa lớp."
"Lập Trình Hướng Đối Tượng","Đa hình tại thời điểm biên dịch (Compile-time polymorphism) được thực hiện qua:","Nạp chồng phương thức (Overloading)","Ghi đè phương thức (Overriding)","Kế thừa","Interface","A","Overloading được quyết định lúc biên dịch."
"Lập Trình Hướng Đối Tượng","Lớp trừu tượng (Abstract class) có đặc điểm gì?","Không thể khởi tạo đối tượng trực tiếp từ nó","Không thể chứa phương thức có thân hàm","Luôn phải có phương thức static","Không thể bị kế thừa","A","Lớp trừu tượng dùng làm khuôn mẫu, không thể tạo instance."
"Lập Trình Hướng Đối Tượng","Từ khóa nào thường dùng để thực hiện đóng gói dữ liệu trong Java?","private","public","protected","static","A","Private giúp hạn chế truy cập trực tiếp từ bên ngoài."
"Lập Trình Hướng Đối Tượng","Một lớp con có thể kế thừa bao nhiêu lớp cha trực tiếp trong Java?","1","2","Không giới hạn","0","A","Java không hỗ trợ đa kế thừa lớp."
"Lập Trình Hướng Đối Tượng","Đa hình tại thời điểm thực thi (Run-time polymorphism) được thực hiện qua:","Ghi đè phương thức (Overriding)","Nạp chồng phương thức (Overloading)","Từ khóa static","Từ khóa final","A","Overriding được quyết định dựa trên kiểu đối tượng thực tế lúc chạy."
"Lập Trình Hướng Đối Tượng","Phương thức trừu tượng (Abstract method) là gì?","Phương thức không có thân hàm (implementation)","Phương thức luôn trả về void","Phương thức chỉ có trong Interface","Phương thức không thể ghi đè","A","Nó chỉ định nghĩa tên và tham số, để lớp con cài đặt."
"Lập Trình Hướng Đối Tượng","Để truy cập các thuộc tính private, chúng ta thường dùng phương thức nào?","Getter và Setter","Constructor","Destructor","Static method","A","Getter/Setter là cách chuẩn để truy cập dữ liệu đóng gói."
"Lập Trình Hướng Đối Tượng","Lớp nào là lớp cha của tất cả các lớp trong Java?","Object","Class","Main","Parent","A","Mọi lớp trong Java đều kế thừa từ java.lang.Object."
"Lập Trình Hướng Đối Tượng","Điều kiện để ghi đè phương thức (Overriding) là gì?","Phương thức lớp con phải có cùng tên và tham số với lớp cha","Phải khác tên","Phải khác số lượng tham số","Phải có từ khóa static","A","Signature phải hoàn toàn giống nhau."
"Lập Trình Hướng Đối Tượng","Một lớp chứa ít nhất một phương thức trừu tượng thì lớp đó phải là:","Lớp trừu tượng","Lớp final","Lớp static","Interface","A","Bắt buộc phải khai báo là abstract class."
"Lập Trình Hướng Đối Tượng","Lợi ích của việc sử dụng Setter là gì?","Có thể kiểm tra tính hợp lệ của dữ liệu trước khi gán","Làm mã nguồn ngắn hơn","Tự động xóa bộ nhớ","Không có lợi ích gì","A","Setter cho phép kiểm soát logic gán giá trị."
"Lập Trình Hướng Đối Tượng","Từ khóa 'super' dùng để làm gì?","Gọi phương thức hoặc constructor của lớp cha","Tạo đối tượng mới","Dừng chương trình","Gọi phương thức tĩnh","A","super tham chiếu đến lớp cha trực tiếp."
"Lập Trình Hướng Đối Tượng","Interface trong Java giúp thực hiện tính chất nào?","Đa hình và đa kế thừa hành vi","Đóng gói dữ liệu","Tiết kiệm bộ nhớ","Tăng tốc độ CPU","A","Interface cho phép một lớp thực thi nhiều hành vi khác nhau."
"Lập Trình Hướng Đối Tượng","Điểm khác biệt chính giữa Interface và Abstract Class là gì?","Interface chỉ chứa các hằng số và phương thức trừu tượng (Java phiên bản cũ)","Abstract class không thể chứa thuộc tính","Interface có thể khởi tạo đối tượng","Không có sự khác biệt","A","Interface tập trung vào hành vi (HAS-A), Abstract Class vào bản chất (IS-A)."
"Lập Trình Hướng Đối Tượng","Mục đích chính của tính đóng gói là gì?","Che giấu chi tiết cài đặt và bảo vệ dữ liệu","Cho phép kế thừa lớp cha","Tăng tốc độ thực thi","Giảm bộ nhớ sử dụng","A","Tính đóng gói giúp bảo vệ trạng thái bên trong của đối tượng."
"Lập Trình Hướng Đối Tượng","Từ khóa nào dùng để kế thừa một lớp trong Java?","extends","implements","inherits","using","A","Java dùng extends cho kế thừa lớp."
"Lập Trình Hướng Đối Tượng","Đa hình tại thời điểm biên dịch (Compile-time polymorphism) được thực hiện qua:","Nạp chồng phương thức (Overloading)","Ghi đè phương thức (Overriding)","Kế thừa","Interface","A","Overloading được quyết định lúc biên dịch."
"Lập Trình Hướng Đối Tượng","Lớp trừu tượng (Abstract class) có đặc điểm gì?","Không thể khởi tạo đối tượng trực tiếp từ nó","Không thể chứa phương thức có thân hàm","Luôn phải có phương thức static","Không thể bị kế thừa","A","Lớp trừu tượng dùng làm khuôn mẫu, không thể tạo instance."
"Lập Trình Hướng Đối Tượng","Từ khóa nào thường dùng để thực hiện đóng gói dữ liệu trong Java?","private","public","protected","static","A","Private giúp hạn chế truy cập trực tiếp từ bên ngoài."
"Lập Trình Hướng Đối Tượng","Một lớp con có thể kế thừa bao nhiêu lớp cha trực tiếp trong Java?","1","2","Không giới hạn","0","A","Java không hỗ trợ đa kế thừa lớp."
"Lập Trình Hướng Đối Tượng","Đa hình tại thời điểm thực thi (Run-time polymorphism) được thực hiện qua:","Ghi đè phương thức (Overriding)","Nạp chồng phương thức (Overloading)","Từ khóa static","Từ khóa final","A","Overriding được quyết định dựa trên kiểu đối tượng thực tế lúc chạy."
"Lập Trình Hướng Đối Tượng","Phương thức trừu tượng (Abstract method) là gì?","Phương thức không có thân hàm (implementation)","Phương thức luôn trả về void","Phương thức chỉ có trong Interface","Phương thức không thể ghi đè","A","Nó chỉ định nghĩa tên và tham số, để lớp con cài đặt."
"Lập Trình Hướng Đối Tượng","Để truy cập các thuộc tính private, chúng ta thường dùng phương thức nào?","Getter và Setter","Constructor","Destructor","Static method","A","Getter/Setter là cách chuẩn để truy cập dữ liệu đóng gói."
"Lập Trình Hướng Đối Tượng","Lớp nào là lớp cha của tất cả các lớp trong Java?","Object","Class","Main","Parent","A","Mọi lớp trong Java đều kế thừa từ java.lang.Object."
"Lập Trình Hướng Đối Tượng","Điều kiện để ghi đè phương thức (Overriding) là gì?","Phương thức lớp con phải có cùng tên và tham số với lớp cha","Phải khác tên","Phải khác số lượng tham số","Phải có từ khóa static","A","Signature phải hoàn toàn giống nhau."
"Lập Trình Hướng Đối Tượng","Một lớp chứa ít nhất một phương thức trừu tượng thì lớp đó phải là:","Lớp trừu tượng","Lớp final","Lớp static","Interface","A","Bắt buộc phải khai báo là abstract class."
"Lập Trình Hướng Đối Tượng","Lợi ích của việc sử dụng Setter là gì?","Có thể kiểm tra tính hợp lệ của dữ liệu trước khi gán","Làm mã nguồn ngắn hơn","Tự động xóa bộ nhớ","Không có lợi ích gì","A","Setter cho phép kiểm soát logic gán giá trị."
"Lập Trình Hướng Đối Tượng","Từ khóa 'super' dùng để làm gì?","Gọi phương thức hoặc constructor của lớp cha","Tạo đối tượng mới","Dừng chương trình","Gọi phương thức tĩnh","A","super tham chiếu đến lớp cha trực tiếp."
"Lập Trình Hướng Đối Tượng","Interface trong Java giúp thực hiện tính chất nào?","Đa hình và đa kế thừa hành vi","Đóng gói dữ liệu","Tiết kiệm bộ nhớ","Tăng tốc độ CPU","A","Interface cho phép một lớp thực thi nhiều hành vi khác nhau."
"Lập Trình Hướng Đối Tượng","Điểm khác biệt chính giữa Interface và Abstract Class là gì?","Interface chỉ chứa các hằng số và phương thức trừu tượng (Java phiên bản cũ)","Abstract class không thể chứa thuộc tính","Interface có thể khởi tạo đối tượng","Không có sự khác biệt","A","Interface tập trung vào hành vi (HAS-A), Abstract Class vào bản chất (IS-A)."
"Lập Trình Hướng Đối Tượng","Mục đích chính của tính đóng gói là gì?","Che giấu chi tiết cài đặt và bảo vệ dữ liệu","Cho phép kế thừa lớp cha","Tăng tốc độ thực thi","Giảm bộ nhớ sử dụng","A","Tính đóng gói giúp bảo vệ trạng thái bên trong của đối tượng."
"Lập Trình Hướng Đối Tượng","Từ khóa nào dùng để kế thừa một lớp trong Java?","extends","implements","inherits","using","A","Java dùng extends cho kế thừa lớp."
"Lập Trình Hướng Đối Tượng","Đa hình tại thời điểm biên dịch (Compile-time polymorphism) được thực hiện qua:","Nạp chồng phương thức (Overloading)","Ghi đè phương thức (Overriding)","Kế thừa","Interface","A","Overloading được quyết định lúc biên dịch."
"Lập Trình Hướng Đối Tượng","Lớp trừu tượng (Abstract class) có đặc điểm gì?","Không thể khởi tạo đối tượng trực tiếp từ nó","Không thể chứa phương thức có thân hàm","Luôn phải có phương thức static","Không thể bị kế thừa","A","Lớp trừu tượng dùng làm khuôn mẫu, không thể tạo instance."
"Lập Trình Hướng Đối Tượng","Từ khóa nào thường dùng để thực hiện đóng gói dữ liệu trong Java?","private","public","protected","static","A","Private giúp hạn chế truy cập trực tiếp từ bên ngoài."
"Lập Trình Hướng Đối Tượng","Một lớp con có thể kế thừa bao nhiêu lớp cha trực tiếp trong Java?","1","2","Không giới hạn","0","A","Java không hỗ trợ đa kế thừa lớp."
"Lập Trình Hướng Đối Tượng","Đa hình tại thời điểm thực thi (Run-time polymorphism) được thực hiện qua:","Ghi đè phương thức (Overriding)","Nạp chồng phương thức (Overloading)","Từ khóa static","Từ khóa final","A","Overriding được quyết định dựa trên kiểu đối tượng thực tế lúc chạy."
"Lập Trình Hướng Đối Tượng","Phương thức trừu tượng (Abstract method) là gì?","Phương thức không có thân hàm (implementation)","Phương thức luôn trả về void","Phương thức chỉ có trong Interface","Phương thức không thể ghi đè","A","Nó chỉ định nghĩa tên và tham số, để lớp con cài đặt."
"Lập Trình Hướng Đối Tượng","Để truy cập các thuộc tính private, chúng ta thường dùng phương thức nào?","Getter và Setter","Constructor","Destructor","Static method","A","Getter/Setter là cách chuẩn để truy cập dữ liệu đóng gói."
"Lập Trình Hướng Đối Tượng","Lớp nào là lớp cha của tất cả các lớp trong Java?","Object","Class","Main","Parent","A","Mọi lớp trong Java đều kế thừa từ java.lang.Object."
"Lập Trình Hướng Đối Tượng","Điều kiện để ghi đè phương thức (Overriding) là gì?","Phương thức lớp con phải có cùng tên và tham số với lớp cha","Phải khác tên","Phải khác số lượng tham số","Phải có từ khóa static","A","Signature phải hoàn toàn giống nhau."
"Lập Trình Hướng Đối Tượng","Một lớp chứa ít nhất một phương thức trừu tượng thì lớp đó phải là:","Lớp trừu tượng","Lớp final","Lớp static","Interface","A","Bắt buộc phải khai báo là abstract class."
"Lập Trình Hướng Đối Tượng","Lợi ích của việc sử dụng Setter là gì?","Có thể kiểm tra tính hợp lệ của dữ liệu trước khi gán","Làm mã nguồn ngắn hơn","Tự động xóa bộ nhớ","Không có lợi ích gì","A","Setter cho phép kiểm soát logic gán giá trị."
"Lập Trình Hướng Đối Tượng","Từ khóa 'super' dùng để làm gì?","Gọi phương thức hoặc constructor của lớp cha","Tạo đối tượng mới","Dừng chương trình","Gọi phương thức tĩnh","A","super tham chiếu đến lớp cha trực tiếp."
"Lập Trình Hướng Đối Tượng","Interface trong Java giúp thực hiện tính chất nào?","Đa hình và đa kế thừa hành vi","Đóng gói dữ liệu","Tiết kiệm bộ nhớ","Tăng tốc độ CPU","A","Interface cho phép một lớp thực thi nhiều hành vi khác nhau."
"Lập Trình Hướng Đối Tượng","Điểm khác biệt chính giữa Interface và Abstract Class là gì?","Interface chỉ chứa các hằng số và phương thức trừu tượng (Java phiên bản cũ)","Abstract class không thể chứa thuộc tính","Interface có thể khởi tạo đối tượng","Không có sự khác biệt","A","Interface tập trung vào hành vi (HAS-A), Abstract Class vào bản chất (IS-A)."
"Lập Trình Hướng Đối Tượng","Mục đích chính của tính đóng gói là gì?","Che giấu chi tiết cài đặt và bảo vệ dữ liệu","Cho phép kế thừa lớp cha","Tăng tốc độ thực thi","Giảm bộ nhớ sử dụng","A","Tính đóng gói giúp bảo vệ trạng thái bên trong của đối tượng."
"Lập Trình Hướng Đối Tượng","Từ khóa nào dùng để kế thừa một lớp trong Java?","extends","implements","inherits","using","A","Java dùng extends cho kế thừa lớp."
"Lập Trình Hướng Đối Tượng","Đa hình tại thời điểm biên dịch (Compile-time polymorphism) được thực hiện qua:","Nạp chồng phương thức (Overloading)","Ghi đè phương thức (Overriding)","Kế thừa","Interface","A","Overloading được quyết định lúc biên dịch."
"Lập Trình Hướng Đối Tượng","Lớp trừu tượng (Abstract class) có đặc điểm gì?","Không thể khởi tạo đối tượng trực tiếp từ nó","Không thể chứa phương thức có thân hàm","Luôn phải có phương thức static","Không thể bị kế thừa","A","Lớp trừu tượng dùng làm khuôn mẫu, không thể tạo instance."
"Lập Trình Hướng Đối Tượng","Từ khóa nào thường dùng để thực hiện đóng gói dữ liệu trong Java?","private","public","protected","static","A","Private giúp hạn chế truy cập trực tiếp từ bên ngoài."
"Lập Trình Hướng Đối Tượng","Một lớp con có thể kế thừa bao nhiêu lớp cha trực tiếp trong Java?","1","2","Không giới hạn","0","A","Java không hỗ trợ đa kế thừa lớp."
"Lập Trình Hướng Đối Tượng","Đa hình tại thời điểm thực thi (Run-time polymorphism) được thực hiện qua:","Ghi đè phương thức (Overriding)","Nạp chồng phương thức (Overloading)","Từ khóa static","Từ khóa final","A","Overriding được quyết định dựa trên kiểu đối tượng thực tế lúc chạy."
"Lập Trình Hướng Đối Tượng","Phương thức trừu tượng (Abstract method) là gì?","Phương thức không có thân hàm (implementation)","Phương thức luôn trả về void","Phương thức chỉ có trong Interface","Phương thức không thể ghi đè","A","Nó chỉ định nghĩa tên và tham số, để lớp con cài đặt."
"Lập Trình Hướng Đối Tượng","Để truy cập các thuộc tính private, chúng ta thường dùng phương thức nào?","Getter và Setter","Constructor","Destructor","Static method","A","Getter/Setter là cách chuẩn để truy cập dữ liệu đóng gói."
"Lập Trình Hướng Đối Tượng","Lớp nào là lớp cha của tất cả các lớp trong Java?","Object","Class","Main","Parent","A","Mọi lớp trong Java đều kế thừa từ java.lang.Object."
"Lập Trình Hướng Đối Tượng","Điều kiện để ghi đè phương thức (Overriding) là gì?","Phương thức lớp con phải có cùng tên và tham số với lớp cha","Phải khác tên","Phải khác số lượng tham số","Phải có từ khóa static","A","Signature phải hoàn toàn giống nhau."
"Lập Trình Hướng Đối Tượng","Một lớp chứa ít nhất một phương thức trừu tượng thì lớp đó phải là:","Lớp trừu tượng","Lớp final","Lớp static","Interface","A","Bắt buộc phải khai báo là abstract class."
"Lập Trình Hướng Đối Tượng","Lợi ích của việc sử dụng Setter là gì?","Có thể kiểm tra tính hợp lệ của dữ liệu trước khi gán","Làm mã nguồn ngắn hơn","Tự động xóa bộ nhớ","Không có lợi ích gì","A","Setter cho phép kiểm soát logic gán giá trị."
"Lập Trình Hướng Đối Tượng","Từ khóa 'super' dùng để làm gì?","Gọi phương thức hoặc constructor của lớp cha","Tạo đối tượng mới","Dừng chương trình","Gọi phương thức tĩnh","A","super tham chiếu đến lớp cha trực tiếp."
"Lập Trình Hướng Đối Tượng","Interface trong Java giúp thực hiện tính chất nào?","Đa hình và đa kế thừa hành vi","Đóng gói dữ liệu","Tiết kiệm bộ nhớ","Tăng tốc độ CPU","A","Interface cho phép một lớp thực thi nhiều hành vi khác nhau."
"Lập Trình Hướng Đối Tượng","Điểm khác biệt chính giữa Interface và Abstract Class là gì?","Interface chỉ chứa các hằng số và phương thức trừu tượng (Java phiên bản cũ)","Abstract class không thể chứa thuộc tính","Interface có thể khởi tạo đối tượng","Không có sự khác biệt","A","Interface tập trung vào hành vi (HAS-A), Abstract Class vào bản chất (IS-A)."
"Lập Trình Hướng Đối Tượng","Mục đích chính của tính đóng gói là gì?","Che giấu chi tiết cài đặt và bảo vệ dữ liệu","Cho phép kế thừa lớp cha","Tăng tốc độ thực thi","Giảm bộ nhớ sử dụng","A","Tính đóng gói giúp bảo vệ trạng thái bên trong của đối tượng."
"Lập Trình Hướng Đối Tượng","Từ khóa nào dùng để kế thừa một lớp trong Java?","extends","implements","inherits","using","A","Java dùng extends cho kế thừa lớp."
"Lập Trình Hướng Đối Tượng","Đa hình tại thời điểm biên dịch (Compile-time polymorphism) được thực hiện qua:","Nạp chồng phương thức (Overloading)","Ghi đè phương thức (Overriding)","Kế thừa","Interface","A","Overloading được quyết định lúc biên dịch."
"Lập Trình Hướng Đối Tượng","Lớp trừu tượng (Abstract class) có đặc điểm gì?","Không thể khởi tạo đối tượng trực tiếp từ nó","Không thể chứa phương thức có thân hàm","Luôn phải có phương thức static","Không thể bị kế thừa","A","Lớp trừu tượng dùng làm khuôn mẫu, không thể tạo instance."
"Lập Trình Hướng Đối Tượng","Từ khóa nào thường dùng để thực hiện đóng gói dữ liệu trong Java?","private","public","protected","static","A","Private giúp hạn chế truy cập trực tiếp từ bên ngoài."
"Lập Trình Hướng Đối Tượng","Một lớp con có thể kế thừa bao nhiêu lớp cha trực tiếp trong Java?","1","2","Không giới hạn","0","A","Java không hỗ trợ đa kế thừa lớp."
"Lập Trình Hướng Đối Tượng","Đa hình tại thời điểm thực thi (Run-time polymorphism) được thực hiện qua:","Ghi đè phương thức (Overriding)","Nạp chồng phương thức (Overloading)","Từ khóa static","Từ khóa final","A","Overriding được quyết định dựa trên kiểu đối tượng thực tế lúc chạy."
"Lập Trình Hướng Đối Tượng","Phương thức trừu tượng (Abstract method) là gì?","Phương thức không có thân hàm (implementation)","Phương thức luôn trả về void","Phương thức chỉ có trong Interface","Phương thức không thể ghi đè","A","Nó chỉ định nghĩa tên và tham số, để lớp con cài đặt."
"Lập Trình Hướng Đối Tượng","Để truy cập các thuộc tính private, chúng ta thường dùng phương thức nào?","Getter và Setter","Constructor","Destructor","Static method","A","Getter/Setter là cách chuẩn để truy cập dữ liệu đóng gói."
"Lập Trình Hướng Đối Tượng","Lớp nào là lớp cha của tất cả các lớp trong Java?","Object","Class","Main","Parent","A","Mọi lớp trong Java đều kế thừa từ java.lang.Object."
"Lập Trình Hướng Đối Tượng","Điều kiện để ghi đè phương thức (Overriding) là gì?","Phương thức lớp con phải có cùng tên và tham số với lớp cha","Phải khác tên","Phải khác số lượng tham số","Phải có từ khóa static","A","Signature phải hoàn toàn giống nhau."
"Lập Trình Hướng Đối Tượng","Một lớp chứa ít nhất một phương thức trừu tượng thì lớp đó phải là:","Lớp trừu tượng","Lớp final","Lớp static","Interface","A","Bắt buộc phải khai báo là abstract class."
"Lập Trình Hướng Đối Tượng","Lợi ích của việc sử dụng Setter là gì?","Có thể kiểm tra tính hợp lệ của dữ liệu trước khi gán","Làm mã nguồn ngắn hơn","Tự động xóa bộ nhớ","Không có lợi ích gì","A","Setter cho phép kiểm soát logic gán giá trị."
"Lập Trình Hướng Đối Tượng","Từ khóa 'super' dùng để làm gì?","Gọi phương thức hoặc constructor của lớp cha","Tạo đối tượng mới","Dừng chương trình","Gọi phương thức tĩnh","A","super tham chiếu đến lớp cha trực tiếp."
"Lập Trình Hướng Đối Tượng","Interface trong Java giúp thực hiện tính chất nào?","Đa hình và đa kế thừa hành vi","Đóng gói dữ liệu","Tiết kiệm bộ nhớ","Tăng tốc độ CPU","A","Interface cho phép một lớp thực thi nhiều hành vi khác nhau."
"Lập Trình Hướng Đối Tượng","Điểm khác biệt chính giữa Interface và Abstract Class là gì?","Interface chỉ chứa các hằng số và phương thức trừu tượng (Java phiên bản cũ)","Abstract class không thể chứa thuộc tính","Interface có thể khởi tạo đối tượng","Không có sự khác biệt","A","Interface tập trung vào hành vi (HAS-A), Abstract Class vào bản chất (IS-A)."
"Lập Trình Hướng Đối Tượng","Mục đích chính của tính đóng gói là gì?","Che giấu chi tiết cài đặt và bảo vệ dữ liệu","Cho phép kế thừa lớp cha","Tăng tốc độ thực thi","Giảm bộ nhớ sử dụng","A","Tính đóng gói giúp bảo vệ trạng thái bên trong của đối tượng."
"Lập Trình Hướng Đối Tượng","Từ khóa nào dùng để kế thừa một lớp trong Java?","extends","implements","inherits","using","A","Java dùng extends cho kế thừa lớp."
"Lập Trình Hướng Đối Tượng","Đa hình tại thời điểm biên dịch (Compile-time polymorphism) được thực hiện qua:","Nạp chồng phương thức (Overloading)","Ghi đè phương thức (Overriding)","Kế thừa","Interface","A","Overloading được quyết định lúc biên dịch."
"Lập Trình Hướng Đối Tượng","Lớp trừu tượng (Abstract class) có đặc điểm gì?","Không thể khởi tạo đối tượng trực tiếp từ nó","Không thể chứa phương thức có thân hàm","Luôn phải có phương thức static","Không thể bị kế thừa","A","Lớp trừu tượng dùng làm khuôn mẫu, không thể tạo instance."